thomas_id,bioguide_id,firstname,lastname,gender,party_code,state_abbr,Year of birthdate
1,A000009,James,Abdnor,M,200,SD,1923
2,A000014,Neil,Abercrombie,M,100,HI,1938
1268,A000017,James,Abourezk,M,100,SD,1931
3,A000018,Bella,Abzug,F,100,NY,1920
4,A000022,Gary,Ackerman,M,100,NY,1942
5,A000031,Brockman,Adams,M,100,WA,1927
6,A000052,Joseph,Addabbo,M,100,NY,1925
1460,A000055,Robert,Aderholt,M,200,AL,1965
1270,A000062,George,Aiken,M,200,VT,
7,A000069,Daniel,Akaka,M,100,HI,1924
8,A000073,Carl,Albert,M,100,OK,1908
9,A000076,Donald,Albosta,M,100,MI,1925
10,A000103,William,Alexander,M,100,AR,1934
11,A000109,Wayne,Allard,M,200,CO,1943
12,A000118,Clifford,Allen,M,100,TN,1912
13,A000121,George,Allen,M,200,VA,1952
1271,A000127,James,Allen,M,100,AL,1912
1272,A000139,Maryon,Allen,F,100,AL,1925
14,A000170,Jerome,Ambro,M,100,NY,1928
15,A000177,Joseph,Ammerman,M,100,PA,1924
16,A000189,Glenn,Anderson,M,100,CA,1913
17,A000195,John,Anderson,M,200,IL,1922
1273,A000202,Wendell,Anderson,M,100,MN,1933
18,A000207,Ike,Andrews,M,100,NC,1925
19,A000208,Mark,Andrews,M,200,ND,1926
20,A000209,Michael,Andrews,M,100,TX,1944
21,A000210,Robert,Andrews,M,100,NJ,1957
22,A000211,Thomas,Andrews,M,100,ME,1953
23,A000212,Frank,Annunzio,M,100,IL,1915
24,A000213,Beryl,Anthony,M,100,AR,1938
25,A000214,Douglas,Applegate,M,100,OH,1928
26,A000215,Bill,Archer,M,200,TX,1928
27,A000216,Leslie,Arends,M,200,IL,
28,A000217,Richard,Armey,M,200,TX,1940
29,A000219,William,Armstrong,M,200,CO,1937
30,A000220,Jean,Ashbrook,F,200,OH,1934
31,A000221,John,Ashbrook,M,200,OH,1928
32,A000222,Thomas,Ashley,M,100,OH,1923
33,A000224,Leslie,Aspin,M,100,WI,1938
34,A000226,Chester,Atkins,M,100,MA,1948
35,A000329,Eugene,Atkinson,M,100,PA,1927
35,A000329,Eugene,Atkinson,M,200,PA,1927
36,A000337,Les,AuCoin,M,100,OR,1942
1269,A000355,Spencer,Abraham,M,200,MI,1952
1274,A000356,John,Ashcroft,M,200,MO,1942
1461,A000357,Thomas,Allen,M,100,ME,1945
1655,A000358,W.,Akin,M,200,MO,1947
1695,A000360,Lamar,Alexander,M,200,TN,1940
1727,A000361,Rodney,Alexander,M,100,LA,1946
1727,A000361,Rodney,Alexander,M,200,LA,1946
1873,A000362,Jason,Altmire,M,100,PA,1968
1867,A000363,Michael,Arcuri,M,100,NY,1959
1935,A000364,John,Adler,M,100,NJ,1959
1947,A000365,Steve,Austria,M,200,OH,1958
2006,A000366,Sandy,Adams,F,200,FL,1956
2029,A000367,Justin,Amash,M,200,MI,1980
2029,A000367,Justin,Amash,M,328,MI,1980
2075,A000368,Kelly,Ayotte,F,200,NH,1968
2090,A000369,Mark,Amodei,M,200,NV,1958
2201,A000370,Alma,Adams,F,100,NC,1946
37,B000008,James,Bacchus,M,100,FL,1949
38,B000013,Spencer,Bachus,M,200,AL,1947
39,B000024,Robert,Badham,M,200,CA,1929
40,B000025,Herman,Badillo,M,100,NY,1929
41,B000028,Henry,Baesler,M,100,KY,1941
42,B000029,Louis,Bafalis,M,200,FL,1929
43,B000037,Donald,Bailey,M,100,PA,1945
44,B000047,R.,Bailey,M,200,MO,1940
1275,B000063,Howard,Baker,M,200,TN,1925
46,B000069,LaMar,Baker,M,200,TN,1915
47,B000072,Richard,Baker,M,200,LA,1948
45,B000078,William,Baker,M,200,CA,1940
48,B000081,John,Baldacci,M,100,ME,1955
49,B000083,Alvin,Baldus,M,100,WI,1926
50,B000104,Cass,Ballenger,M,200,NC,1926
52,B000134,James,Barcia,M,100,MI,1952
53,B000151,Thomas,Barlow,M,100,KY,1940
54,B000153,Druie,Barnard,M,100,GA,1922
55,B000160,Michael,Barnes,M,100,MD,1943
56,B000169,Bob,Barr,M,200,GA,1948
58,B000177,Thomas,Barrett,M,100,WI,1953
59,B000178,William,Barrett,M,100,PA,
57,B000179,Bill,Barrett,M,200,NE,1929
1276,B000200,Dewey,Bartlett,M,200,OK,1919
61,B000204,Harry,Bartlett,M,200,TX,1947
60,B000208,Roscoe,Bartlett,M,200,MD,1926
62,B000213,Joe,Barton,M,200,TX,1949
63,B000220,Charles,Bass,M,200,NH,1952
64,B000229,Herbert,Bateman,M,200,VA,1928
65,B000236,Jim,Bates,M,100,CA,1941
66,B000243,Max,Baucus,M,100,MT,1941
67,B000244,Robert,Bauman,M,200,MD,1937
1277,B000254,Birch,Bayh,M,100,IN,1928
1278,B000272,John,Beall,M,200,MD,1927
68,B000279,Edward,Beard,M,100,RI,1940
69,B000280,Robin,Beard,M,200,TN,1939
70,B000287,Xavier,Becerra,M,100,CA,1958
71,B000298,Berkley,Bedell,M,100,IA,1921
72,B000318,Anthony,Beilenson,M,100,CA,1932
73,B000330,Alphonzo,Bell,M,200,CA,1914
1279,B000351,Henry,Bellmon,M,200,OK,1921
74,B000358,Cleveland,Benedict,M,200,WV,1935
76,B000363,Adam,Benjamin,M,100,IN,1935
77,B000371,Charles,Bennett,M,100,FL,1910
1280,B000382,Robert,Bennett,M,200,UT,1933
1281,B000384,Wallace,Bennett,M,200,UT,
78,B000392,Helen,Bentley,F,200,MD,1923
79,B000400,Ken,Bentsen,M,100,TX,1959
1282,B000401,Lloyd,Bentsen,M,100,TX,1921
80,B000403,Douglas,Bereuter,M,200,NE,1939
81,B000408,Robert,Bergland,M,100,MN,1928
82,B000410,Howard,Berman,M,100,CA,1941
1462,B000420,Robert,Berry,M,100,AR,1942
83,B000422,Edwin,Bethune,M,200,AR,1935
84,B000431,Tom,Bevill,M,100,AL,1921
85,B000432,Mario,Biaggi,M,100,NY,1917
1283,B000436,Alan,Bible,M,100,NV,1909
1284,B000444,Joseph,Biden,M,100,DE,1942
1284,B000444,Joseph,Biden,M,100,USA,1942
86,B000451,Edward,Biester,M,200,PA,1931
87,B000461,Brian,Bilbray,M,200,CA,1951
88,B000462,James,Bilbray,M,100,NV,1938
89,B000463,Michael,Bilirakis,M,200,FL,1930
1285,B000468,Jeff,Bingaman,M,100,NM,1943
90,B000472,Jonathan,Bingham,M,100,NY,1914
91,B000490,Sanford,Bishop,M,100,GA,1947
92,B000506,Benjamin,Blackburn,M,200,GA,1927
93,B000517,Lucien,Blackwell,M,100,PA,1931
1463,B000518,Rod,Blagojevich,M,100,IL,1956
94,B000538,James,Blanchard,M,100,MI,1942
95,B000550,John,Blatnik,M,100,MN,1911
97,B000556,Tom,Bliley,M,200,VA,1932
98,B000567,Michael,Blouin,M,100,IA,1945
99,B000574,Earl,Blumenauer,M,100,OR,1948
1464,B000575,Roy,Blunt,M,200,MO,1950
100,B000576,Peter,Blute,M,200,MA,1956
101,B000586,Sherwood,Boehlert,M,200,NY,1936
102,B000589,John,Boehner,M,200,OH,1949
103,B000592,Corinne,Boggs,F,100,LA,1916
104,B000600,Edward,Boland,M,100,MA,1911
105,B000605,Richard,Bolling,M,100,MO,1916
1286,B000611,Christopher,Bond,M,200,MO,1939
106,B000615,William,Boner,M,100,TN,1945
107,B000617,Henry,Bonilla,M,200,TX,1954
108,B000619,David,Bonior,M,100,MI,1945
109,B000620,Don,Bonker,M,100,WA,1937
110,B000622,Sonny,Bono,M,200,CA,1935
1287,B000639,David,Boren,M,100,OK,1941
111,B000644,Robert,Borski,M,100,PA,1948
1288,B000647,Rudolph,Boschwitz,M,200,MN,1930
112,B000648,Douglas,Bosco,M,100,CA,1946
1466,B000652,Leonard,Boswell,M,100,IA,1934
113,B000657,Frederick,Boucher,M,100,VA,1946
114,B000666,Eldon,Boulter,M,200,TX,1942
115,B000682,David,Bowen,M,100,MS,1932
116,B000711,Barbara,Boxer,F,100,CA,1940
1467,B000716,Allen,Boyd,M,100,FL,1945
117,B000736,John,Brademas,M,100,IN,1927
1468,B000755,Kevin,Brady,M,200,TX,1955
1290,B000756,Nicholas,Brady,M,200,NJ,1930
118,B000771,Frank,Brasco,M,100,NY,1932
119,B000778,William,Bray,M,200,IN,1903
120,B000780,John,Breaux,M,100,LA,1944
121,B000788,John,Breckinridge,M,100,KY,1913
122,B000798,Joseph,Brennan,M,100,ME,1934
123,B000817,William,Brewster,M,100,OK,1941
124,B000839,Jack,Brinkley,M,100,GA,1930
125,B000845,Charles,Britt,M,100,NC,1942
1291,B000851,William,Brock,M,200,TN,1930
126,B000862,William,Brodhead,M,100,MI,1941
1292,B000871,Edward,Brooke,M,200,MA,1919
127,B000880,Jack,Brooks,M,100,TX,1922
128,B000890,William,Broomfield,M,200,MI,1922
129,B000893,Donald,Brotzman,M,200,CO,1922
130,B000897,John,Browder,M,100,AL,1943
131,B000910,Clarence,Brown,M,200,OH,1927
132,B000911,Corrine,Brown,F,100,FL,1946
133,B000917,Garry,Brown,M,200,MI,1923
134,B000918,George,Brown,M,100,CA,1920
135,B000919,George,Brown,M,200,CO,1940
136,B000944,Sherrod,Brown,M,100,OH,1952
137,B000953,Samuel,Brownback,M,200,KS,1956
138,B000966,James,Broyhill,M,200,NC,1927
139,B000967,Joel,Broyhill,M,200,VA,1919
140,B000971,Terry,Bruce,M,100,IL,1944
1293,B000993,Richard,Bryan,M,100,NV,1937
141,B000996,Ed,Bryant,M,200,TN,1948
142,B000997,John,Bryant,M,100,TX,1947
143,B001008,John,Buchanan,M,200,AL,1928
1294,B001026,James,Buckley,M,112,NY,1923
144,B001036,John,Buechner,M,200,MO,1940
1295,B001057,Dale,Bumpers,M,100,AR,1925
145,B001063,Jim,Bunn,M,200,OR,1956
146,B001066,Jim,Bunning,M,200,KY,1931
1296,B001076,Jocelyn,Burdick,F,100,ND,1922
1297,B001077,Quentin,Burdick,M,100,ND,1908
147,B001080,Clair,Burgener,M,200,CA,1921
148,B001091,J.,Burke,M,200,FL,1913
149,B001092,James,Burke,M,100,MA,1910
150,B001102,Yvonne,Burke,F,100,CA,1932
151,B001111,Omar,Burleson,M,100,TX,1906
152,B001113,William,Burlison,M,100,MO,1931
1298,B001126,Conrad,Burns,M,200,MT,1935
153,B001135,Richard,Burr,M,200,NC,1955
154,B001149,Dan,Burton,M,200,IN,1938
155,B001153,John,Burton,M,100,CA,1932
156,B001156,Phillip,Burton,M,100,CA,1926
157,B001158,Sala,Burton,F,100,CA,1925
158,B001172,Albert,Bustamante,M,100,TX,1935
159,B001182,Manley,Butler,M,200,VA,1925
160,B001203,Stephen,Buyer,M,200,IN,1958
1300,B001209,Harry,Byrd,M,100,VA,1914
1300,B001209,Harry,Byrd,M,328,VA,1914
1299,B001210,Robert,Byrd,M,100,WV,1917
161,B001213,Leslie,Byrne,F,100,VA,1946
162,B001220,Beverly,Byron,F,100,MD,1932
163,B001221,Goodloe,Byron,M,100,MD,1929
1289,B001225,William,Bradley,M,100,NJ,1943
51,B001226,Peter,Barca,M,100,WI,1955
1469,B001227,Robert,Brady,M,100,PA,1945
1465,B001228,Mary,Bono Mack,F,200,CA,1961
1557,B001229,Brian,Baird,M,100,WA,1956
1558,B001230,Tammy,Baldwin,F,100,WI,1962
1576,B001231,Shelley,Berkley,F,100,NV,1951
1577,B001232,Judy,Biggert,F,200,IL,1937
1572,B001233,Evan,Bayh,M,100,IN,1955
1614,B001234,Joe,Baca,M,100,CA,1947
1669,B001235,Henry,Brown,M,200,SC,1935
1687,B001236,John,Boozman,M,200,AR,1950
1690,B001237,Dean,Barkley,M,328,MN,1950
1734,B001238,Frank,Ballance,M,100,NC,1942
1745,B001239,James,Barrett,M,200,SC,1961
1712,B001240,Bob,Beauprez,M,200,CO,1948
1750,B001241,Chris,Bell,M,100,TX,1959
1740,B001242,Timothy,Bishop,M,100,NY,1950
1748,B001243,Marsha,Blackburn,F,200,TN,1952
1703,B001244,Jo,Bonner,M,200,AL,1959
1736,B001246,Jeb,Bradley,M,200,NH,1952
1713,B001247,Virginia,Brown-Waite,F,200,FL,1943
1751,B001248,Michael,Burgess,M,200,TX,1950
1721,B001249,Max,Burns,M,200,GA,1948
1753,B001250,Rob,Bishop,M,200,UT,1951
1761,B001251,George,Butterfield,M,100,NC,1947
1780,B001252,John,Barrow,M,100,GA,1955
1782,B001253,Melissa,Bean,F,100,IL,1962
1796,B001254,Dan,Boren,M,100,OK,1973
1787,B001255,Charles,Boustany,M,200,LA,1956
1858,B001256,Michele,Bachmann,F,200,MN,1956
1838,B001257,Gus,Bilirakis,M,200,FL,1963
1852,B001258,Nancy,Boyda,F,100,KS,1955
1845,B001259,Bruce,Braley,M,100,IA,1957
1840,B001260,Vern,Buchanan,M,200,FL,1951
1881,B001261,John,Barrasso,M,200,WY,1952
1882,B001262,Paul,Broun,M,200,GA,1946
1949,B001263,John,Boccieri,M,100,OH,1969
1905,B001264,Bobby,Bright,M,100,AL,1952
1898,B001265,Mark,Begich,M,100,AK,1962
1963,B001266,Roland,Burris,M,100,IL,1937
1965,B001267,Michael,Bennet,M,100,CO,1964
1975,B001268,Scott,Brown,M,200,MA,1959
2054,B001269,Lou,Barletta,M,200,PA,1956
1996,B001270,Karen,Bass,F,100,CA,1953
2027,B001271,Dan,Benishek,M,200,MI,1952
2037,B001272,Rick,Berg,M,200,ND,1959
2063,B001273,Diane,Black,F,200,TN,1951
1987,B001274,Mo,Brooks,M,200,AL,1954
2018,B001275,Larry,Bucshon,M,200,IN,1962
2045,B001276,Ann Marie,Buerkle,F,200,NY,1951
2076,B001277,Richard,Blumenthal,M,100,CT,1946
2092,B001278,Suzanne,Bonamici,F,100,OR,1954
2093,B001279,Ron,Barber,M,100,AZ,1945
2135,B001280,Kerry,Bentivolio,M,200,MI,1951
2153,B001281,Joyce,Beatty,F,100,OH,1950
2131,B001282,Garland,Barr,M,200,KY,1973
2155,B001283,Jim,Bridenstine,M,200,OK,1975
2129,B001284,Susan,Brooks,F,200,IN,1960
2106,B001285,Julia,Brownley,F,100,CA,1952
2127,B001286,Cheri,Bustos,F,100,IL,1961
2102,B001287,Ami,Bera,M,100,CA,1965
2194,B001288,Cory,Booker,M,100,NJ,1969
2197,B001289,Bradley,Byrne,M,200,AL,1955
2203,B001290,David,Brat,M,200,VA,1964
164,C000052,H.,Callahan,M,200,AL,1932
165,C000059,Ken,Calvert,M,200,CA,1953
166,C000071,Dave,Camp,M,200,MI,1953
167,C000073,John,Camp,M,200,OK,1908
168,C000077,Ben,Campbell,M,100,CO,1933
168,C000077,Ben,Campbell,M,200,CO,1933
169,C000079,Carroll,Campbell,M,200,SC,1940
170,C000100,Tom,Campbell,M,200,CA,1952
171,C000107,Charles,Canady,M,200,FL,1954
1470,C000116,Christopher,Cannon,M,200,UT,1950
1301,C000120,Howard,Cannon,M,100,NV,1912
172,C000127,Maria,Cantwell,F,100,WA,1958
1472,C000134,Walter,Capps,M,100,CA,1934
173,C000137,Bruce,Caputo,M,200,NY,1943
174,C000141,Benjamin,Cardin,M,100,MD,1943
175,C000143,Hugh,Carey,M,100,NY,1919
176,C000158,Gregory,Carman,M,200,NY,1937
177,C000164,Charles,Carney,M,100,OH,1913
178,C000165,William,Carney,M,200,NY,1942
179,C000174,Thomas,Carper,M,100,DE,1947
180,C000178,Milton,Carr,M,100,MI,1943
1473,C000191,Julia,Carson,F,100,IN,1938
181,C000201,Tim,Carter,M,200,KY,1910
1302,C000220,Clifford,Case,M,200,NJ,1904
182,C000228,Robert,Casey,M,100,TX,1915
183,C000243,Michael,Castle,M,200,DE,1939
184,C000261,John,Cavanaugh,M,100,NE,1945
185,C000263,Elford,Cederberg,M,200,MI,1918
186,C000266,Steve,Chabot,M,200,OH,1953
1303,C000269,John,Chafee,M,200,RI,1922
187,C000275,Charles,Chamberlain,M,200,MI,1917
188,C000286,Saxby,Chambliss,M,200,GA,1943
189,C000293,Rodney,Chandler,M,200,WA,1942
190,C000312,Jim,Chapman,M,100,TX,1945
191,C000321,William,Chappell,M,100,FL,1922
192,C000322,Eugene,Chappie,M,200,CA,1920
193,C000344,Richard,Cheney,M,200,WY,1941
194,C000345,Helen,Chenoweth-Hage,F,200,ID,1938
1304,C000356,Lawton,Chiles,M,100,FL,1930
195,C000371,Shirley,Chisholm,F,100,NY,1924
196,C000377,Jon,Christensen,M,200,NE,1963
197,C000385,Dick,Chrysler,M,200,MI,1942
1305,C000388,Frank,Church,M,100,ID,1924
198,C000409,Donald,Clancy,M,200,OH,1921
199,C000431,Frank,Clark,M,100,PA,1915
1306,C000448,Richard,Clark,M,100,IA,1928
200,C000462,James,Clarke,M,100,NC,1917
201,C000475,Donald,Clausen,M,200,CA,1923
202,C000476,Delwin,Clawson,M,200,CA,1914
203,C000488,William,Clay,M,100,MO,1931
204,C000494,Eva,Clayton,F,100,NC,1934
205,C000503,Robert,Clement,M,100,TN,1943
206,C000512,James,Cleveland,M,200,NH,1920
207,C000523,William,Clinger,M,200,PA,1929
208,C000537,James,Clyburn,M,100,SC,1940
209,C000542,Daniel,Coats,M,200,IN,1943
210,C000555,William,Cobey,M,200,NC,1939
211,C000556,Howard,Coble,M,200,NC,1931
212,C000560,Thomas,Coburn,M,200,OK,1948
213,C000567,Thad,Cochran,M,200,MS,1937
214,C000581,Anthony,Coelho,M,100,CA,1942
215,C000598,William,Cohen,M,200,ME,1940
216,C000618,Earl,Coleman,M,200,MO,1943
217,C000621,Ronald,Coleman,M,100,TX,1941
218,C000629,Harold,Collier,M,200,IL,1915
219,C000633,Barbara-Rose,Collins,F,100,MI,1939
220,C000634,Cardiss,Collins,F,100,IL,1931
221,C000638,James,Collins,M,200,TX,1916
222,C000640,Michael,Collins,M,200,GA,1944
224,C000653,Larry,Combest,M,200,TX,1945
225,C000666,Barber,Conable,M,200,NY,1922
226,C000670,Gary,Condit,M,100,CA,1948
227,C000682,John,Conlan,M,200,AZ,1930
1307,C000705,Kent,Conrad,M,100,ND,1948
228,C000709,Silvio,Conte,M,200,MA,1921
229,C000714,John,Conyers,M,100,MI,1929
1308,C000721,Marlow,Cook,M,200,KY,1926
1475,C000722,Merrill,Cook,M,200,UT,1946
1476,C000735,John,Cooksey,M,200,LA,1941
230,C000737,Wes,Cooley,M,200,OR,1932
231,C000754,Jim,Cooper,M,100,TN,1954
232,C000767,Samuel,Coppersmith,M,100,AZ,1955
233,C000773,Thomas,Corcoran,M,200,IL,1939
234,C000780,James,Corman,M,100,CA,1920
235,C000782,Robert,Cornell,M,100,WI,1919
236,C000787,David,Cornwell,M,100,IN,1945
238,C000794,Jerry,Costello,M,100,IL,1949
239,C000799,William,Cotter,M,100,CT,1926
1309,C000802,Norris,Cotton,M,200,NH,1900
240,C000807,Robert,Coughlin,M,200,PA,1929
241,C000809,James,Courter,M,200,NJ,1941
1310,C000813,Paul,Coverdell,M,200,GA,1939
242,C000830,C.,Cox,M,200,CA,1952
243,C000836,John,Cox,M,100,IL,1947
244,C000845,James,Coyne,M,200,PA,1946
245,C000846,William,Coyne,M,100,PA,1936
246,C000858,Larry,Craig,M,200,ID,1945
247,C000868,Robert,Cramer,M,100,AL,1947
248,C000871,Daniel,Crane,M,200,IL,1936
249,C000873,Philip,Crane,M,200,IL,1930
1311,C000877,Alan,Cranston,M,100,CA,1914
250,C000880,Michael,Crapo,M,200,ID,1951
251,C000903,Frank,Cremeans,M,200,OH,1943
252,C000919,George,Crockett,M,100,MI,1909
253,C000925,Paul,Cronin,M,200,MA,1938
254,C000962,Barbara,Cubin,F,200,WY,1946
255,C000979,John,Culver,M,100,IA,1932
256,C000984,Elijah,Cummings,M,100,MD,1951
257,C000992,John,Cunningham,M,200,WA,1931
258,C000994,Randall,Cunningham,M,200,CA,1941
1312,C001006,Carl,Curtis,M,200,NE,1905
1540,C001034,J.,Cleland,M,100,GA,1942
1541,C001035,Susan,Collins,F,200,ME,1952
1471,C001036,Lois,Capps,F,100,CA,1938
1564,C001037,Michael,Capuano,M,100,MA,1952
1604,C001038,Joseph,Crowley,M,100,NY,1962
1612,C001040,Lincoln,Chafee,M,200,RI,1953
1631,C001041,Hillary,Clinton,F,100,NY,1947
1630,C001042,Jon,Corzine,M,100,NJ,1947
1680,C001043,Jean,Carnahan,F,100,MO,1933
1665,C001044,Brad,Carson,M,100,OK,1967
1643,C001045,Ander,Crenshaw,M,200,FL,1944
1674,C001046,Eric,Cantor,M,200,VA,1963
1676,C001047,Shelley,Capito,F,200,WV,1953
1670,C001048,John,Culberson,M,200,TX,1956
1654,C001049,Wm.,Clay,M,100,MO,1956
1709,C001050,Dennis,Cardoza,M,100,CA,1959
1752,C001051,John,Carter,M,200,TX,1941
1726,C001052,Chris,Chocola,M,200,IN,1962
1742,C001053,Tom,Cole,M,200,OK,1949
1693,C001055,Ed,Case,M,100,HI,1952
1692,C001056,John,Cornyn,M,200,TX,1952
1697,C001057,Norm,Coleman,M,200,MN,1949
1759,C001058,Ben,Chandler,M,100,KY,1959
1774,C001059,Jim,Costa,M,100,CA,1952
1789,C001060,Russ,Carnahan,M,100,MO,1958
1790,C001061,Emanuel,Cleaver,M,100,MO,1944
1805,C001062,K.,Conaway,M,200,TX,1948
1807,C001063,Henry,Cuellar,M,100,TX,1955
1816,C001064,John,Campbell,M,200,CA,1955
1876,C001065,Christopher,Carney,M,100,PA,1959
1839,C001066,Kathy,Castor,F,100,FL,1966
1864,C001067,Yvette,Clarke,F,100,NY,1964
1878,C001068,Steve,Cohen,M,100,TN,1949
1836,C001069,Joe,Courtney,M,100,CT,1953
1828,C001070,Robert,Casey,M,100,PA,1960
1825,C001071,Bob,Corker,M,200,TN,1952
1889,C001072,André,Carson,M,100,IN,1974
1891,C001073,Donald,Cazayoux,M,100,LA,1964
1893,C001074,Travis,Childers,M,100,MS,1958
1925,C001075,Bill,Cassidy,M,200,LA,1957
1956,C001076,Jason,Chaffetz,M,200,UT,1967
1912,C001077,Mike,Coffman,M,200,CO,1955
1959,C001078,Gerald,Connolly,M,100,VA,1950
1923,C001079,Anh,Cao,M,200,LA,1967
1970,C001080,Judy,Chu,F,100,CA,1953
1977,C001081,Mark,Critz,M,100,PA,1962
2066,C001082,Francisco,Canseco,M,200,TX,1949
1999,C001083,John,Carney,M,100,DE,1956
2055,C001084,David,Cicilline,M,100,RI,1961
2030,C001085,Hansen,Clarke,M,100,MI,1957
2031,C001086,Chip,Cravaack,M,200,MN,1959
1989,C001087,Eric,Crawford,M,200,AR,1966
1984,C001088,Christopher,Coons,M,100,DE,1963
2095,C001089,David,Curson,M,100,MI,1948
2159,C001090,Matthew,Cartwright,M,100,PA,1961
2163,C001091,Joaquin,Castro,M,100,TX,1974
2151,C001092,Chris,Collins,M,200,NY,1950
2121,C001093,Doug,Collins,M,200,GA,1966
2103,C001094,Paul,Cook,M,200,CA,1943
2098,C001095,Tom,Cotton,M,200,AR,1977
2144,C001096,Kevin,Cramer,M,200,ND,1961
2107,C001097,Tony,Cárdenas,M,100,CA,1963
2175,C001098,Ted,Cruz,M,200,TX,1970
2189,C001099,William,Cowan,M,100,MA,1969
2192,C001100,Jeffrey,Chiesa,M,200,NJ,1965
2196,C001101,Katherine,Clark,F,100,MA,1963
2200,C001102,Curtis,Clawson,M,200,FL,1959
259,D000017,Norman,D’Amours,M,100,NH,1937
1313,D000018,Alfonse,D’Amato,M,200,NY,1937
1314,D000030,John,Danforth,M,200,MO,1936
260,D000037,Robert,Daniel,M,200,VA,1936
261,D000038,Wilbur,Daniel,M,100,VA,1914
262,D000041,Dominick,Daniels,M,100,NJ,1908
263,D000043,George,Danielson,M,100,CA,1915
264,D000044,William,Dannemeyer,M,200,CA,1929
265,D000046,Pat,Danner,F,100,MO,1934
266,D000051,George,Darden,M,100,GA,1943
267,D000064,Thomas,Daschle,M,100,SD,1947
268,D000065,Harold,Daub,M,200,NE,1941
1477,D000096,Danny,Davis,M,100,IL,1941
269,D000102,Glenn,Davis,M,200,WI,1914
270,D000106,Jack,Davis,M,200,IL,1935
1478,D000114,James,Davis,M,100,FL,1957
271,D000122,John,Davis,M,100,GA,1916
272,D000125,Mendel,Davis,M,100,SC,1942
273,D000131,Robert,Davis,M,200,MI,1932
274,D000136,Thomas,Davis,M,200,VA,1949
277,D000168,Nathan,Deal,M,100,GA,1942
277,D000168,Nathan,Deal,M,200,GA,1942
278,D000183,Huey,Deckard,M,200,IN,1942
1315,D000185,Dennis,DeConcini,M,100,AZ,1937
279,D000191,Peter,DeFazio,M,100,OR,1947
1479,D000197,Diana,DeGette,F,100,CO,1957
276,D000203,Eligio,de la Garza,M,100,TX,1927
1480,D000210,William,Delahunt,M,100,MA,1941
280,D000211,James,Delaney,M,100,NY,1901
281,D000216,Rosa,DeLauro,F,100,CT,1943
282,D000217,Thomas,DeLay,M,200,TX,1947
283,D000220,John,Dellenback,M,200,OR,1918
284,D000222,Ronald,Dellums,M,100,CA,1935
285,D000231,Lawrence,DeNardis,M,200,CT,1938
286,D000234,Frank,Denholm,M,100,SD,1923
287,D000241,David,Dennis,M,200,IN,1912
288,D000255,John,Dent,M,100,PA,1908
1316,D000259,Jeremiah,Denton,M,200,AL,1924
289,D000267,Butler,Derrick,M,100,SC,1936
290,D000269,Edward,Derwinski,M,200,IL,1926
291,D000275,Peter,Deutsch,M,100,FL,1957
292,D000279,Samuel,Devine,M,200,OH,1915
293,D000294,Michael,DeWine,M,200,OH,1947
294,D000299,Lincoln,Diaz-Balart,M,200,FL,1954
295,D000312,Jay,Dickey,M,200,AR,1939
296,D000326,William,Dickinson,M,200,AL,1925
297,D000327,Norman,Dicks,M,100,WA,1940
298,D000344,Charles,Diggs,M,100,MI,1922
299,D000355,John,Dingell,M,100,MI,1926
300,D000359,Joseph,DioGuardi,M,200,NY,1940
1317,D000366,Alan,Dixon,M,100,IL,1927
301,D000373,Julian,Dixon,M,100,CA,1934
302,D000388,Christopher,Dodd,M,100,CT,1944
303,D000399,Lloyd,Doggett,M,100,TX,1946
1318,D000401,Robert,Dole,M,200,KS,1923
1319,D000407,Pete,Domenici,M,200,NM,1932
1320,D000409,Peter,Dominick,M,200,CO,1915
304,D000416,Brian,Donnelly,M,100,MA,1946
305,D000419,Harold,Donohue,M,100,MA,1901
306,D000424,Calvin,Dooley,M,100,CA,1954
307,D000429,John,Doolittle,M,200,CA,1950
308,D000432,Byron,Dorgan,M,100,ND,1942
309,D000434,William,Dorn,M,100,SC,1916
310,D000435,Robert,Dornan,M,200,CA,1933
311,D000446,Charles,Dougherty,M,200,PA,1937
312,D000451,Charles,Douglas,M,200,NH,1942
313,D000466,Charles,Dowdy,M,100,MS,1943
314,D000471,Thomas,Downey,M,100,NY,1949
315,D000474,Thomas,Downing,M,100,VA,1919
316,D000482,Michael,Doyle,M,100,PA,1953
317,D000492,David,Dreier,M,200,CA,1952
318,D000499,Robert,Drinan,M,100,MA,1920
320,D000523,Thaddeus,Dulski,M,100,NY,1915
322,D000533,John,Duncan,M,200,TN,1947
321,D000534,John,Duncan,M,200,TN,1919
323,D000537,Robert,Duncan,M,100,OR,1920
325,D000548,James,Dunn,M,200,MI,1943
324,D000549,Jennifer,Dunn,F,200,WA,1941
319,D000558,Pierre,du Pont,M,200,DE,1935
326,D000563,Richard,Durbin,M,100,IL,1944
1321,D000566,David,Durenberger,M,200,MN,1934
1322,D000574,John,Durkin,M,100,NH,1936
327,D000586,Bernard,Dwyer,M,100,NJ,1921
328,D000592,Mervyn,Dymally,M,100,CA,1926
329,D000593,Royden,Dyson,M,100,MD,1948
1605,D000595,Jim,DeMint,M,200,SC,1951
1629,D000596,Mark,Dayton,M,100,MN,1947
1672,D000597,Jo Ann,Davis,F,200,VA,1950
1641,D000598,Susan,Davis,F,100,CA,1944
1747,D000599,Lincoln,Davis,M,100,TN,1943
1717,D000600,Mario,Diaz-Balart,M,200,FL,1961
1698,D000601,Elizabeth,Dole,F,200,NC,1936
1705,D000602,Artur,Davis,M,100,AL,1967
1784,D000603,Geoff,Davis,M,200,KY,1958
1799,D000604,Charles,Dent,M,200,PA,1960
1808,D000605,Thelma,Drake,F,200,VA,1949
1877,D000606,David,Davis,M,200,TN,1959
1850,D000607,Joe,Donnelly,M,100,IN,1955
1951,D000608,Kathleen,Dahlkemper,F,100,PA,1957
1946,D000609,Steve,Driehaus,M,100,OH,1966
1976,D000610,Theodore,Deutch,M,100,FL,1966
1978,D000611,Charles,Djou,M,200,HI,1970
1995,D000612,Jeff,Denham,M,200,CA,1967
2013,D000613,Bob,Dold,M,200,IL,1969
2072,D000614,Sean,Duffy,M,200,WI,1971
2057,D000615,Jeff,Duncan,M,200,SC,1966
2062,D000616,Scott,DesJarlais,M,200,TN,1964
2096,D000617,Suzan,DelBene,F,100,WA,1962
2138,D000618,Steve,Daines,M,200,MT,1962
2126,D000619,Rodney,Davis,M,200,IL,1970
2133,D000620,John,Delaney,M,100,MD,1963
2116,D000621,Ron,DeSantis,M,200,FL,1978
2123,D000622,Tammy,Duckworth,F,100,IL,1968
1323,E000004,Thomas,Eagleton,M,100,MO,1929
330,E000013,Joseph,Early,M,100,MA,1933
1324,E000017,John,East,M,200,NC,1931
1325,E000018,James,Eastland,M,100,MS,1904
331,E000031,Dennis,Eckart,M,100,OH,1950
332,E000033,Fred,Eckert,M,200,NY,1941
333,E000035,Robert,Eckhardt,M,100,TX,1913
334,E000043,Robert,Edgar,M,100,PA,1943
335,E000063,Thomas,Edwards,M,100,TX,1951
336,E000064,William,Edwards,M,100,CA,1915
338,E000077,Marvin,Edwards,M,200,OK,1937
337,E000084,William,Edwards,M,200,AL,1928
339,E000092,Vernon,Ehlers,M,200,MI,1934
340,E000093,Robert,Ehrlich,M,200,MD,1957
341,E000096,Joshua,Eilberg,M,100,PA,1921
1481,E000172,Jo Ann,Emerson,F,200,MO,1950
342,E000174,Norvell,Emerson,M,200,MO,1938
343,E000175,David,Emery,M,200,ME,1948
344,E000179,Eliot,Engel,M,100,NY,1947
345,E000184,Glenn,English,M,100,OK,1940
346,E000186,Karan,English,F,100,AZ,1949
347,E000187,Philip,English,M,200,PA,1956
348,E000194,John,Ensign,M,200,NV,1958
349,E000198,Arlen,Erdahl,M,200,MN,1931
350,E000201,Ben,Erdreich,M,100,AL,1938
351,E000204,John,Erlenborn,M,200,IL,1927
352,E000208,Allen,Ertel,M,100,PA,1937
1326,E000211,Samuel,Ervin,M,100,NC,
353,E000213,Marvin,Esch,M,200,MI,1927
354,E000214,Edwin,Eshleman,M,200,PA,1920
355,E000215,Anna,Eshoo,F,100,CA,1942
356,E000218,Albert,Espy,M,100,MS,1953
1482,E000226,Bob,Etheridge,M,100,NC,1941
357,E000233,Billy,Evans,M,100,GA,1941
1327,E000236,Daniel,Evans,M,200,WA,1925
359,E000239,David,Evans,M,100,IN,1946
360,E000240,Frank,Evans,M,100,CO,1923
361,E000250,Lane,Evans,M,100,IL,1951
363,E000258,Thomas,Evans,M,200,DE,1931
358,E000259,Thomas,Evans,M,200,IA,1924
364,E000268,Terry,Everett,M,200,AL,1937
365,E000273,Joseph,Evins,M,100,TN,1910
366,E000282,Thomas,Ewing,M,200,IL,1935
1328,E000284,J.,Exon,M,100,NE,1921
1542,E000285,Michael,Enzi,M,200,WY,1944
1573,E000286,John,Edwards,M,100,NC,1953
1725,E000287,Rahm,Emanuel,M,100,IL,1959
1857,E000288,Keith,Ellison,M,100,MN,1963
1851,E000289,Brad,Ellsworth,M,100,IN,1958
1894,E000290,Donna,Edwards,F,100,MD,1958
2036,E000291,Renee,Ellmers,F,200,NC,1964
2125,E000292,William,Enyart,M,100,IL,1949
2114,E000293,Elizabeth,Esty,F,100,CT,1959
1330,F000013,Paul,Fannin,M,200,AZ,1907
368,F000030,Sam,Farr,M,100,CA,1941
369,F000040,John,Fary,M,100,IL,1911
370,F000041,Dante,Fascell,M,100,FL,1917
371,F000043,Chaka,Fattah,M,100,PA,1956
373,F000049,Harris,Fawell,M,200,IL,1929
374,F000053,Victor,Fazio,M,100,CA,1942
375,F000059,Edward,Feighan,M,100,OH,1947
1331,F000061,Russell,Feingold,M,100,WI,1953
1332,F000062,Dianne,Feinstein,F,100,CA,1933
376,F000078,Millicent,Fenwick,F,200,NJ,1910
377,F000088,Geraldine,Ferraro,F,100,NY,1935
378,F000102,Bobbi,Fiedler,F,200,CA,1937
379,F000110,Cleo,Fields,M,100,LA,1962
380,F000111,Jack,Fields,M,200,TX,1952
381,F000116,Bob,Filner,M,100,CA,1942
382,F000123,Paul,Findley,M,200,IL,1921
383,F000128,Eric,Fingerhut,M,100,OH,1959
384,F000141,Hamilton,Fish,M,200,NY,1926
385,F000151,Joseph,Fisher,M,100,VA,1914
386,F000152,Ovie,Fisher,M,100,TX,1903
387,F000161,Floyd,Fithian,M,100,IN,1928
388,F000184,Floyd,Flake,M,100,NY,1945
389,F000187,Michael,Flanagan,M,200,IL,1962
390,F000208,Ronnie,Flippo,M,100,AL,1937
391,F000209,Daniel,Flood,M,100,PA,1903
392,F000215,James,Florio,M,100,NJ,1937
393,F000218,Walter,Flowers,M,100,AL,1933
394,F000229,John,Flynt,M,100,GA,1914
395,F000235,Thomas,Foglietta,M,100,PA,1928
395,F000235,Thomas,Foglietta,M,328,PA,1928
396,F000238,Mark,Foley,M,200,FL,1954
397,F000239,Thomas,Foley,M,100,WA,1929
1333,F000245,Hiram,Fong,M,200,HI,1906
398,F000257,Michael,Forbes,M,100,NY,1952
398,F000257,Michael,Forbes,M,200,NY,1952
399,F000260,Gerald,Ford,M,200,MI,1913
399,F000260,Gerald,Ford,M,200,USA,1913
400,F000261,Harold,Ford,M,100,TN,1945
1483,F000262,Harold,Ford,M,100,TN,1970
1334,F000268,Wendell,Ford,M,100,KY,1924
401,F000270,William,Ford,M,100,MI,1927
402,F000286,Edwin,Forsythe,M,200,NJ,1916
403,F000319,Lawrence,Fountain,M,100,NC,1913
404,F000328,Tillie,Fowler,F,200,FL,1942
405,F000329,Wyche,Fowler,M,100,GA,1940
406,F000332,Jon,Fox,M,200,PA,1947
407,F000339,Barney,Frank,M,100,MA,1940
408,F000347,William,Franklin,M,200,MS,1941
410,F000348,Gary,Franks,M,200,CT,1953
409,F000349,Bob,Franks,M,200,NJ,1951
411,F000350,Donald,Fraser,M,100,MN,1924
413,F000371,Peter,Frelinghuysen,M,200,NJ,1916
414,F000372,Rodney,Frelinghuysen,M,200,NJ,1946
415,F000380,William,Frenzel,M,200,MN,1928
416,F000381,Louis,Frey,M,200,FL,1934
417,F000387,Dan,Frisa,M,200,NY,1955
418,F000388,Harold,Froehlich,M,200,WI,1932
419,F000392,Jonas,Frost,M,100,TX,1942
1337,F000401,James,Fulbright,M,100,AR,1905
420,F000424,Richard,Fulton,M,100,TN,1927
421,F000426,David,Funderburk,M,200,NC,1944
422,F000430,Don,Fuqua,M,100,FL,1933
423,F000434,Elizabeth,Furse,F,100,OR,1936
1329,F000437,Duncan,Faircloth,M,200,NC,1928
1335,F000438,Sheila,Frahm,F,200,KS,1945
1336,F000439,William,Frist,M,200,TN,1952
1484,F000440,Vito,Fossella,M,200,NY,1965
1563,F000441,Ernest,Fletcher,M,200,KY,1952
1571,F000442,Peter,Fitzgerald,M,200,IL,1960
1659,F000443,Michael,Ferguson,M,200,NJ,1970
1633,F000444,Jeff,Flake,M,200,AZ,1962
1683,F000445,J.,Forbes,M,200,VA,1952
1716,F000447,Tom,Feeney,M,200,FL,1958
1707,F000448,Trent,Franks,M,200,AZ,1957
1793,F000449,Jeff,Fortenberry,M,200,NE,1960
1791,F000450,Virginia,Foxx,F,200,NC,1943
1797,F000451,Michael,Fitzpatrick,M,200,PA,1963
1872,F000453,Mary,Fallin,F,200,OK,1954
1888,F000454,Bill,Foster,M,100,IL,1955
1895,F000455,Marcia,Fudge,F,100,OH,1952
1924,F000456,John,Fleming,M,200,LA,1951
1969,F000457,Alan,Franken,M,100,MN,1951
2064,F000458,Stephen,Fincher,M,200,TN,1973
2061,F000459,Charles,Fleischmann,M,200,TN,1962
2067,F000460,Blake,Farenthold,M,200,TX,1961
2065,F000461,Bill,Flores,M,200,TX,1954
2119,F000462,Lois,Frankel,F,100,FL,1948
2179,F000463,Deb,Fischer,F,200,NE,1951
425,G000021,Elton,Gallegly,M,200,CA,1944
426,G000025,Dean,Gallo,M,200,NJ,1935
427,G000036,Robert,Gammage,M,100,TX,1938
428,G000041,Greg,Ganske,M,200,IA,1949
429,G000047,Robert,Garcia,M,100,NY,1933
1338,G000072,Edwin,Garn,M,200,UT,1932
430,G000105,Joseph,Gaydos,M,100,PA,1926
431,G000120,Sam,Gejdenson,M,100,CT,1948
432,G000121,George,Gekas,M,200,PA,1930
433,G000132,Richard,Gephardt,M,100,MO,1941
434,G000134,Preston,Geren,M,100,TX,1952
435,G000144,Thomas,Gettys,M,100,SC,1912
436,G000151,Robert,Giaimo,M,100,CT,1919
1485,G000152,James,Gibbons,M,200,NV,1944
437,G000153,Sam,Gibbons,M,100,FL,1920
438,G000180,Wayne,Gilchrest,M,200,MD,1946
439,G000210,Paul,Gillmor,M,200,OH,1939
440,G000212,Benjamin,Gilman,M,200,NY,1922
441,G000225,Newton,Gingrich,M,200,GA,1943
442,G000226,Ronald,Ginn,M,100,GA,1934
1339,G000236,John,Glenn,M,100,OH,1921
443,G000240,Daniel,Glickman,M,100,KS,1944
1340,G000267,Barry,Goldwater,M,200,AZ,1909
444,G000268,Barry,Goldwater,M,200,CA,1938
445,G000272,Henry,González,M,100,TX,1916
1486,G000280,Virgil,Goode,M,100,VA,1946
1486,G000280,Virgil,Goode,M,200,VA,1946
1486,G000280,Virgil,Goode,M,328,VA,1946
446,G000289,Bob,Goodlatte,M,200,VA,1952
447,G000291,William,Goodling,M,200,PA,1927
448,G000309,Barton,Gordon,M,100,TN,1949
449,G000321,Albert,Gore,M,100,TN,1948
1341,G000333,T.,Gorton,M,200,WA,1928
450,G000336,Porter,Goss,M,200,FL,1938
451,G000349,Willis,Gradison,M,200,OH,1928
1342,G000352,Bob,Graham,M,100,FL,1936
452,G000359,Lindsey,Graham,M,200,SC,1955
453,G000365,Phil,Gramm,M,100,TX,1942
453,G000365,Phil,Gramm,M,200,TX,1942
454,G000367,Rod,Grams,M,200,MN,1948
455,G000371,Frederick,Grandy,M,200,IA,1948
1487,G000377,Kay,Granger,F,200,TX,1943
456,G000382,James,Grant,M,100,FL,1943
456,G000382,James,Grant,M,200,FL,1943
457,G000386,Charles,Grassley,M,200,IA,1933
458,G000387,Ella,Grasso,F,100,CT,1919
1343,G000388,Maurice,Gravel,M,100,AK,1930
459,G000400,Kenneth,Gray,M,100,IL,1924
460,G000402,William,Gray,M,100,PA,1941
461,G000407,Edith,Green,F,100,OR,1910
1192,G000408,Enid,Greene Waldholtz,F,200,UT,1958
462,G000410,Gene,Green,M,100,TX,1947
463,G000417,Sedgwick,Green,M,200,NY,1929
464,G000420,William,Green,M,100,PA,1938
465,G000439,James,Greenwood,M,200,PA,1951
466,G000445,Judd,Gregg,M,200,NH,1947
1344,G000465,Robert,Griffin,M,200,MI,1923
467,G000471,Martha,Griffiths,F,100,MI,1912
468,G000480,Wayne,Grisham,M,200,CA,1923
469,G000495,Harold,Gross,M,200,IA,
470,G000499,John,Grotberg,M,200,IL,1925
471,G000504,James,Grover,M,200,NY,1919
472,G000511,Frank,Guarini,M,100,NJ,1924
473,G000512,Charles,Gubser,M,200,CA,1916
474,G000513,Gilbert,Gude,M,200,MD,1923
475,G000515,Vonno,Gudger,M,100,NC,1919
476,G000524,Steven,Gunderson,M,200,WI,1951
477,G000528,William,Gunter,M,100,FL,1934
1345,G000531,Edward,Gurney,M,200,FL,1914
478,G000535,Luis,Gutiérrez,M,100,IL,1953
479,G000536,Gilbert,Gutknecht,M,200,MN,1951
480,G000537,Tennyson,Guyer,M,200,OH,1913
1555,G000544,Charles,Gonzalez,M,100,TX,1945
1559,G000545,Mark,Green,M,200,WI,1960
1656,G000546,Sam,Graves,M,200,MO,1963
1662,G000547,Felix,Grucci,M,200,NY,1951
1737,G000548,Scott,Garrett,M,200,NJ,1959
1743,G000549,Jim,Gerlach,M,200,PA,1955
1720,G000550,Phil,Gingrey,M,200,GA,1942
1708,G000551,Raúl,Grijalva,M,100,AZ,1948
1801,G000552,Louie,Gohmert,M,200,TX,1953
1803,G000553,Al,Green,M,100,TX,1947
1831,G000554,Gabrielle,Giffords,F,100,AZ,1970
1866,G000555,Kirsten,Gillibrand,F,100,NY,1966
1914,G000556,Alan,Grayson,M,100,FL,1958
1906,G000557,Parker,Griffith,M,100,AL,1942
1906,G000557,Parker,Griffith,M,200,AL,1942
1922,G000558,Brett,Guthrie,M,200,KY,1964
1973,G000559,John,Garamendi,M,100,CA,1945
1979,G000560,Tom,Graves,M,200,GA,1970
1980,G000561,Carte,Goodwin,M,100,WV,1974
1998,G000562,Cory,Gardner,M,200,CO,1974
2049,G000563,Bob,Gibbs,M,200,OH,1954
2043,G000564,Christopher,Gibson,M,200,NY,1964
1992,G000565,Paul,Gosar,M,200,AZ,1958
2058,G000566,Trey,Gowdy,M,200,SC,1964
1990,G000567,Tim,Griffin,M,200,AR,1968
2070,G000568,H.,Griffith,M,200,VA,1958
2041,G000569,Michael,Grimm,M,200,NY,1970
2038,G000570,Frank,Guinta,M,200,NH,1970
2122,G000571,Tulsi,Gabbard,F,100,HI,1981
2164,G000572,Pete,Gallego,M,100,TX,1961
2120,G000573,Joe,Garcia,M,100,FL,1963
481,H000012,Thomas,Hagedorn,M,200,MN,1943
482,H000041,James,Haley,M,100,FL,
483,H000058,Katie,Hall,F,100,IN,1938
484,H000067,Ralph,Hall,M,100,TX,1923
484,H000067,Ralph,Hall,M,200,TX,1923
485,H000070,Sam,Hall,M,100,TX,1924
486,H000073,Tim,Hall,M,100,IL,1925
487,H000074,Tony,Hall,M,100,OH,1942
488,H000096,Daniel,Hamburg,M,100,CA,1948
489,H000114,Lee,Hamilton,M,100,IN,1931
490,H000124,John,Hammerschmidt,M,200,AR,1922
491,H000144,Kent,Hance,M,100,TX,1942
492,H000151,Melton,Hancock,M,200,MO,1929
493,H000158,James,Hanley,M,100,NY,1920
494,H000164,Richard,Hanna,M,100,CA,1914
495,H000166,Mark,Hannaford,M,100,CA,1925
496,H000168,Robert,Hanrahan,M,200,IL,1934
1346,H000170,Clifford,Hansen,M,200,WY,1912
497,H000171,George,Hansen,M,200,ID,1930
498,H000172,James,Hansen,M,200,UT,1932
499,H000174,Julia,Hansen,F,100,WA,1907
500,H000175,Orval,Hansen,M,200,ID,1926
501,H000206,Thomas,Harkin,M,100,IA,1939
502,H000213,Jane,Harman,F,100,CA,1945
503,H000230,Michael,Harrington,M,100,MA,1936
504,H000236,Claude,Harris,M,100,AL,1940
505,H000241,Herbert,Harris,M,100,VA,1926
506,H000269,Frank,Harrison,M,100,PA,1940
507,H000281,William,Harsha,M,200,OH,1921
1347,H000287,Gary,Hart,M,100,CO,1936
1348,H000291,Philip,Hart,M,100,MI,1912
1349,H000297,Rupert,Hartke,M,100,IN,1919
508,H000302,Thomas,Hartnett,M,200,SC,1941
509,H000306,James,Harvey,M,200,MI,1922
1350,H000317,Floyd,Haskell,M,100,CO,1916
510,H000323,J.,Hastert,M,200,IL,1942
511,H000324,Alcee,Hastings,M,100,FL,1936
513,H000327,James,Hastings,M,200,NY,1926
512,H000329,Doc,Hastings,M,200,WA,1941
1351,H000338,Orrin,Hatch,M,200,UT,1934
514,H000340,Charles,Hatcher,M,100,GA,1939
1352,H000343,Mark,Hatfield,M,200,OR,1922
1353,H000344,Paul,Hatfield,M,100,MT,1928
1354,H000346,William,Hathaway,M,100,ME,1924
515,H000367,Augustus,Hawkins,M,100,CA,1907
1355,H000374,Paula,Hawkins,F,200,FL,1927
1356,H000384,Samuel,Hayakawa,M,200,CA,1906
516,H000388,Charles,Hayes,M,100,IL,1918
517,H000390,James,Hayes,M,100,LA,1946
517,H000390,James,Hayes,M,200,LA,1946
518,H000392,Philip,Hayes,M,100,IN,1940
519,H000408,Wayne,Hays,M,100,OH,1911
520,H000413,John,Hayworth,M,200,AZ,1958
521,H000437,Felix,Hébert,M,100,LA,1901
522,H000438,Kenneth,Hechler,M,100,WV,1914
1357,H000439,Jacob,Hecht,M,200,NV,1928
523,H000440,Margaret,Heckler,F,200,MA,1931
524,H000444,Joel,Hefley,M,200,CO,1935
1358,H000445,Howell,Heflin,M,100,AL,1921
525,H000448,Willie,Hefner,M,100,NC,1930
526,H000449,Cecil,Heftel,M,100,HI,1924
527,H000452,Fred,Heineman,M,200,NC,1929
528,H000456,Henry,Heinz,M,200,PA,1938
1359,H000463,Jesse,Helms,M,200,NC,1921
529,H000465,Henry,Helstoski,M,100,NJ,1925
530,H000479,David,Henderson,M,100,NC,1921
531,H000490,William,Hendon,M,200,NC,1944
532,H000514,Paul,Henry,M,200,MI,1942
533,H000528,Walter,Herger,M,200,CA,1945
534,H000547,Dennis,Hertel,M,100,MI,1948
535,H000563,Floyd,Hicks,M,100,WA,1915
536,H000582,Jack,Hightower,M,100,TX,1926
537,H000586,John,Hiler,M,200,IN,1953
1489,H000605,Rick,Hill,M,200,MT,1946
538,H000615,Van,Hilleary,M,200,TN,1959
539,H000621,Earl,Hilliard,M,100,AL,1942
540,H000624,Elwood,Hillis,M,200,IN,1926
541,H000627,Maurice,Hinchey,M,100,NY,1938
1490,H000636,Rubén,Hinojosa,M,100,TX,1940
542,H000638,Andrew,Hinshaw,M,200,CA,1923
543,H000641,Jon,Hinson,M,200,MS,1942
544,H000652,Peter,Hoagland,M,100,NE,1941
545,H000666,David,Hobson,M,200,OH,1936
546,H000670,George,Hochbrueckner,M,100,NY,1938
1360,H000675,Kaneaster,Hodges,M,100,AR,1938
547,H000676,Peter,Hoekstra,M,200,MI,1953
548,H000692,Lawrence,Hogan,M,200,MD,1928
549,H000707,Martin,Hoke,M,200,OH,1952
550,H000712,Tim,Holden,M,100,PA,1957
551,H000713,Chester,Holifield,M,100,CA,1903
552,H000719,Kenneth,Holland,M,100,SC,1934
553,H000722,Harold,Hollenbeck,M,200,NJ,1938
1361,H000725,Ernest,Hollings,M,100,SC,1922
554,H000729,Clyde,Holloway,M,200,LA,1943
555,H000747,Marjorie,Holt,F,200,MD,1920
556,H000752,Elizabeth,Holtzman,F,100,NY,1941
1491,H000762,Darlene,Hooley,F,100,OR,1939
557,H000776,Larry,Hopkins,M,200,KY,1933
558,H000788,Joan,Horn,F,100,MO,1936
559,H000789,Stephen,Horn,M,200,CA,1931
560,H000797,Frank,Horton,M,200,NY,1919
561,H000802,Craig,Hosmer,M,200,CA,1915
562,H000807,John,Hostettler,M,200,IN,1961
563,H000814,Amory,Houghton,M,200,NY,1926
564,H000840,James,Howard,M,100,NJ,1927
565,H000851,Allan,Howe,M,100,UT,1927
566,H000874,Steny,Hoyer,M,100,MD,1939
1362,H000875,Roman,Hruska,M,200,NE,1904
567,H000878,Carroll,Hubbard,M,100,KY,1937
568,H000897,Robert,Huber,M,200,MI,1922
569,H000901,Thomas,Huckaby,M,100,LA,1941
1363,H000905,Walter,Huddleston,M,100,KY,1926
570,H000906,William,Hudnut,M,200,IN,1932
571,H000912,Michael,Huffington,M,200,CA,1947
1364,H000922,Harold,Hughes,M,100,IA,1922
572,H000930,William,Hughes,M,100,NJ,1932
1492,H000948,Kenny,Hulshof,M,200,MO,1958
1365,H000951,Gordon,Humphrey,M,200,NH,1940
1366,H000953,Hubert,Humphrey,M,100,MN,1911
1367,H000956,Muriel,Humphrey,F,100,MN,1912
573,H000965,William,Hungate,M,100,MO,1922
574,H000972,John,Hunt,M,200,NJ,1908
575,H000981,Duncan,Hunter,M,200,CA,1948
576,H001011,J.,Hutchinson,M,200,MI,1914
577,H001013,John,Hutchinson,M,100,WV,
1493,H001014,Asa,Hutchinson,M,200,AR,1950
578,H001015,Tim,Hutchinson,M,200,AR,1949
1368,H001016,Kay,Hutchison,F,200,TX,1943
579,H001018,Earl,Hutto,M,100,FL,1926
580,H001022,Henry,Hyde,M,200,IL,1924
1545,H001028,Charles,Hagel,M,200,NE,1946
1600,H001029,Robin,Hayes,M,200,NC,1945
1578,H001030,Baron,Hill,M,100,IN,1953
1579,H001031,Joseph,Hoeffel,M,100,PA,1950
1580,H001032,Rush,Holt,M,100,NJ,1948
1666,H001033,Melissa,Hart,F,200,PA,1962
1634,H001034,Michael,Honda,M,100,CA,1941
1714,H001035,Katherine,Harris,F,200,FL,1957
1749,H001036,Jeb,Hensarling,M,200,TX,1957
1760,H001037,Stephanie,Herseth Sandlin,F,100,SD,1970
1794,H001038,Brian,Higgins,M,100,NY,1959
1865,H001039,John,Hall,M,100,NY,1948
1849,H001040,Phil,Hare,M,100,IL,1949
1863,H001041,Dean,Heller,M,200,NV,1960
1844,H001042,Mazie,Hirono,F,100,HI,1947
1862,H001043,Paul,Hodes,M,100,NH,1951
1919,H001044,Deborah,Halvorson,F,100,IL,1958
1933,H001045,Gregg,Harper,M,200,MS,1956
1937,H001046,Martin,Heinrich,M,100,NM,1971
1913,H001047,James,Himes,M,100,CT,1966
1909,H001048,Duncan,Hunter,M,200,CA,1976
1902,H001049,Kay,Hagan,F,100,NC,1953
2010,H001050,Colleen,Hanabusa,F,100,HI,1951
2044,H001051,Richard,Hanna,M,200,NY,1951
2026,H001052,Andy,Harris,M,200,MD,1957
2032,H001053,Vicky,Hartzler,F,200,MO,1960
2042,H001054,Nan,Hayworth,F,200,NY,1959
2040,H001055,Joseph,Heck,M,200,NV,1961
2071,H001056,Jaime,Herrera Beutler,F,200,WA,1978
2020,H001057,Tim,Huelskamp,M,200,KS,1968
2028,H001058,Bill,Huizenga,M,200,MI,1969
2015,H001059,Randy,Hultgren,M,200,IL,1966
2069,H001060,Robert,Hurt,M,200,VA,1969
2079,H001061,John,Hoeven,M,200,ND,1957
2088,H001062,Kathleen,Hochul,F,100,NY,1958
2089,H001063,Janice,Hahn,F,100,CA,1952
2170,H001064,Denny,Heck,M,100,WA,1952
2143,H001065,George,Holding,M,200,NC,1968
2147,H001066,Steven,Horsford,M,100,NV,1973
2140,H001067,Richard,Hudson,M,200,NC,1971
2101,H001068,Jared,Huffman,M,100,CA,1964
2174,H001069,Heidi,Heitkamp,F,100,ND,1955
581,I000001,Richard,Ichord,M,100,MO,1926
582,I000023,Bob,Inglis,M,200,SC,1959
583,I000024,James,Inhofe,M,200,OK,1934
1369,I000025,Daniel,Inouye,M,100,HI,1924
584,I000026,Jay,Inslee,M,100,WA,1951
585,I000029,Andrew,Ireland,M,100,FL,1930
585,I000029,Andrew,Ireland,M,200,FL,1930
586,I000047,Ernest,Istook,M,200,OK,1950
1608,I000055,John,Isakson,M,200,GA,1944
1640,I000056,Darrell,Issa,M,200,CA,1953
1663,I000057,Steve,Israel,M,100,NY,1958
1370,J000013,Henry,Jackson,M,100,WA,1912
588,J000032,Sheila,Jackson Lee,F,100,TX,1950
589,J000033,Andrew,Jacobs,M,100,IN,1932
590,J000047,Craig,James,M,200,FL,1941
591,J000057,John,Jarman,M,100,OK,1915
591,J000057,John,Jarman,M,200,OK,1915
1371,J000064,Jacob,Javits,M,200,NY,1904
592,J000070,William,Jefferson,M,100,LA,1947
593,J000072,James,Jeffords,M,200,VT,1934
593,J000072,James,Jeffords,M,328,VT,1934
594,J000074,James,Jeffries,M,200,KS,1925
1494,J000082,William,Jenkins,M,200,TN,1936
595,J000083,Edgar,Jenkins,M,100,GA,1933
596,J000099,John,Jenrette,M,100,SC,1936
1372,J000101,Roger,Jepsen,M,200,IA,1928
1495,J000110,Christopher,John,M,100,LA,1960
597,J000115,Albert,Johnson,M,200,PA,1906
598,J000120,Clete,Johnson,M,100,GA,1948
599,J000126,Eddie,Johnson,F,100,TX,1935
600,J000135,Harold,Johnson,M,100,CA,1907
601,J000148,James,Johnson,M,200,CO,1930
1496,J000149,Jay,Johnson,M,100,WI,1943
602,J000163,Nancy,Johnson,F,200,CT,1935
603,J000174,Sam,Johnson,M,200,TX,1930
604,J000177,Tim,Johnson,M,100,SD,1946
606,J000187,Harry,Johnston,M,100,FL,1931
1373,J000189,John,Johnston,M,100,LA,1932
605,J000200,Walter,Johnston,M,200,NC,1936
607,J000211,Ben,Jones,M,100,GA,1941
608,J000216,Ed,Jones,M,100,TN,1912
609,J000232,James,Jones,M,100,OK,1939
610,J000248,Robert,Jones,M,100,AL,1912
612,J000255,Walter,Jones,M,200,NC,1943
611,J000256,Walter,Jones,M,100,NC,1913
613,J000265,James,Jontz,M,100,IN,1951
614,J000266,Barbara,Jordan,F,100,TX,1936
587,J000283,Jesse,Jackson,M,100,IL,1965
1581,J000284,Stephanie,Jones,F,100,OH,1949
1648,J000285,Timothy,Johnson,M,200,IL,1946
1746,J000286,William,Janklow,M,200,SD,1939
1785,J000287,Bobby,Jindal,M,200,LA,1971
1843,J000288,Henry,Johnson,M,100,GA,1954
1868,J000289,Jim,Jordan,M,200,OH,1964
1921,J000290,Lynn,Jenkins,F,200,KS,1963
1899,J000291,Mike,Johanns,M,200,NE,1950
2046,J000292,Bill,Johnson,M,200,OH,1954
2086,J000293,Ron,Johnson,M,200,WI,1955
2149,J000294,Hakeem,Jeffries,M,100,NY,1970
2154,J000295,David,Joyce,M,200,OH,1957
2199,J000296,David,Jolly,M,200,FL,1972
615,K000008,Paul,Kanjorski,M,100,PA,1937
616,K000009,Marcy,Kaptur,F,100,OH,1946
1374,K000011,David,Karnes,M,200,NE,1948
617,K000014,Joseph,Karth,M,100,MN,1922
618,K000016,John,Kasich,M,200,OH,1952
1375,K000017,Nancy,Kassebaum,F,200,KS,1932
619,K000019,Robert,Kasten,M,200,WI,1942
620,K000020,Robert,Kastenmeier,M,100,WI,1924
621,K000025,Abraham,Kazen,M,100,TX,1919
622,K000037,William,Keating,M,200,OH,1927
623,K000077,Richard,Kelly,M,200,FL,1924
624,K000078,Sue,Kelly,F,200,NY,1936
625,K000086,Jack,Kemp,M,200,NY,1935
1376,K000088,Dirk,Kempthorne,M,200,ID,1951
1377,K000105,Edward,Kennedy,M,100,MA,1932
626,K000110,Joseph,Kennedy,M,100,MA,1952
627,K000113,Patrick,Kennedy,M,100,RI,1967
628,K000118,Barbara,Kennelly,F,100,CT,1936
1378,K000146,J.,Kerrey,M,100,NE,1943
1379,K000148,John,Kerry,M,100,MA,1943
629,K000153,William,Ketchum,M,200,CA,1921
630,K000162,Martha,Keys,F,100,KS,1930
631,K000172,Dale,Kildee,M,100,MI,1929
1497,K000180,Carolyn,Kilpatrick,F,100,MI,1945
632,K000181,Jay,Kim,M,200,CA,1939
1498,K000188,Ron,Kind,M,100,WI,1963
633,K000190,Thomas,Kindness,M,200,OH,1929
634,K000195,Carleton,King,M,200,NY,1904
635,K000210,Peter,King,M,200,NY,1944
636,K000220,Jack,Kingston,M,200,GA,1955
637,K000259,Gerald,Kleczka,M,100,WI,1943
638,K000262,Herbert,Klein,M,100,NJ,1930
639,K000270,Ron,Klink,M,100,PA,1951
640,K000273,John,Kluczynski,M,100,IL,
641,K000274,Scott,Klug,M,200,WI,1953
642,K000288,Joseph,Knollenberg,M,200,MI,1933
643,K000302,Edward,Koch,M,100,NY,1924
644,K000304,Raymond,Kogovsek,M,100,CO,1941
1380,K000305,Herbert,Kohl,M,100,WI,1935
645,K000306,James,Kolbe,M,200,AZ,1942
646,K000307,Joseph,Kolter,M,100,PA,1926
647,K000309,Ernest,Konnyu,M,200,CA,1937
648,K000312,Michael,Kopetski,M,100,OR,1949
649,K000319,Peter,Kostmayer,M,100,PA,1946
650,K000322,Kenneth,Kramer,M,200,CO,1942
651,K000325,John,Krebs,M,100,CA,1926
652,K000328,Myron,Kreidler,M,100,WA,1943
653,K000333,Robert,Krueger,M,100,TX,1935
1499,K000336,Dennis,Kucinich,M,100,OH,1946
654,K000348,Dan,Kuykendall,M,200,TN,1924
655,K000352,Jon,Kyl,M,200,AZ,1942
656,K000356,Peter,Kyros,M,100,ME,1925
1582,K000357,Steven,Kuykendall,M,200,CA,1947
1652,K000358,Mark,Kennedy,M,200,MN,1957
1650,K000359,Brian,Kerns,M,200,IN,1957
1647,K000360,Mark,Kirk,M,200,IL,1959
1644,K000361,Ric,Keller,M,200,FL,1964
1724,K000362,Steve,King,M,200,IA,1949
1733,K000363,John,Kline,M,200,MN,1947
1795,K000364,John,Kuhl,M,200,NY,1943
1880,K000365,Steve,Kagen,M,100,WI,1949
1842,K000366,Ron,Klein,M,100,FL,1957
1826,K000367,Amy,Klobuchar,F,100,MN,1960
1907,K000368,Ann,Kirkpatrick,F,100,AZ,1950
1934,K000369,Larry,Kissell,M,100,NC,1951
1917,K000370,Suzanne,Kosmas,F,100,FL,1944
1926,K000371,Frank,Kratovil,M,100,MD,1968
1948,K000372,Mary Jo,Kilroy,F,100,OH,1949
1964,K000373,Edward,Kaufman,M,100,DE,1939
1972,K000374,Paul,Kirk,M,100,MA,1938
2025,K000375,William,Keating,M,100,MA,1952
2051,K000376,Mike,Kelly,M,200,PA,1948
2014,K000378,Adam,Kinzinger,M,200,IL,1978
2172,K000379,Joseph,Kennedy,M,100,MA,1980
2134,K000380,Daniel,Kildee,M,100,MI,1958
2169,K000381,Derek,Kilmer,M,100,WA,1974
2145,K000382,Ann,Kuster,F,100,NH,1956
2185,K000383,Angus,King,M,328,ME,1944
2176,K000384,Timothy,Kaine,M,100,VA,1958
2190,K000385,Robin,Kelly,F,100,IL,1956
658,L000020,Robert,Lagomarsino,M,200,CA,1926
1570,L000035,Blanche,Lincoln,F,100,AR,1960
1500,L000043,Nicholas,Lampson,M,100,TX,1945
660,L000045,H.,Lancaster,M,100,NC,1943
661,L000049,Earl,Landgrebe,M,200,IN,1916
662,L000054,Phillip,Landrum,M,100,GA,1907
663,L000090,Tom,Lantos,M,100,CA,1928
664,L000096,Steve,Largent,M,200,OK,1954
665,L000098,Larry,LaRocco,M,100,ID,1946
666,L000111,Tom,Latham,M,200,IA,1948
668,L000116,Delbert,Latta,M,200,OH,1920
669,L000119,Gregory,Laughlin,M,100,TX,1942
669,L000119,Gregory,Laughlin,M,200,TX,1942
1381,L000123,Frank,Lautenberg,M,100,NJ,1924
1382,L000148,Paul,Laxalt,M,200,NV,1922
670,L000155,Rick,Lazio,M,200,NY,1958
671,L000167,Anthony,Leach,M,100,LA,1934
672,L000169,James,Leach,M,200,IA,1942
1383,L000174,Patrick,Leahy,M,100,VT,1940
673,L000180,James,Leath,M,100,TX,1931
675,L000187,Raymond,Lederer,M,100,PA,1938
676,L000192,Gary,Lee,M,200,NY,1933
678,L000221,Robert,Leggett,M,100,CA,1926
679,L000225,Richard,Lehman,M,100,CA,1948
680,L000226,William,Lehman,M,100,FL,1913
681,L000237,George,Leland,M,100,TX,1944
682,L000243,Norman,Lent,M,200,NY,1931
1384,L000261,Carl,Levin,M,100,MI,1934
683,L000263,Sander,Levin,M,100,MI,1931
684,L000264,Meldon,Levine,M,100,CA,1943
685,L000265,Elliott,Levitas,M,100,GA,1930
686,L000267,David,Levy,M,200,NY,1953
687,L000274,Jerry,Lewis,M,200,CA,1934
688,L000287,John,Lewis,M,100,GA,1940
689,L000293,Ron,Lewis,M,200,KY,1946
690,L000295,Thomas,Lewis,M,200,FL,1924
1385,L000304,Joseph,Lieberman,M,100,CT,1942
691,L000305,James,Lightfoot,M,200,IA,1938
693,L000321,John,Linder,M,200,GA,1942
694,L000342,William,Lipinski,M,100,IL,1937
695,L000360,Jerry,Litton,M,100,MO,1937
696,L000371,Robert,Livingston,M,200,LA,1943
697,L000379,James,Lloyd,M,100,CA,1922
698,L000381,Marilyn,Lloyd,F,100,TN,1929
700,L000396,Thomas,Loeffler,M,200,TX,1946
701,L000397,Zoe,Lofgren,F,100,CA,1947
702,L000411,Catherine,Long,F,100,LA,1924
703,L000413,Clarence,Long,M,100,MD,1908
704,L000417,Gillis,Long,M,100,LA,1923
705,L000420,Jill,Long Thompson,F,100,IN,1952
1386,L000428,Russell,Long,M,100,LA,1918
706,L000431,James,Longley,M,200,ME,1951
707,L000447,Trent,Lott,M,200,MS,1941
708,L000479,William,Lowery,M,200,CA,1947
709,L000480,Nita,Lowey,F,100,NY,1937
710,L000486,Michael,Lowry,M,100,WA,1939
711,L000491,Frank,Lucas,M,200,OK,1960
1387,L000504,Richard,Lugar,M,200,IN,1932
712,L000506,Manuel,Luján,M,200,NM,1928
714,L000507,Charles,Luken,M,100,OH,1951
713,L000508,Thomas,Luken,M,100,OH,1925
715,L000509,Donald,Lukens,M,200,OH,1931
716,L000516,Stanley,Lundine,M,100,NY,1939
717,L000517,Daniel,Lungren,M,200,CA,1946
718,L000521,William,Luther,M,100,MN,1945
674,L000547,John,LeBoutillier,M,200,NY,1953
1546,L000550,Mary,Landrieu,F,100,LA,1955
1501,L000551,Barbara,Lee,F,100,CA,1946
659,L000552,Ray,LaHood,M,200,IL,1945
667,L000553,Steven,LaTourette,M,200,OH,1954
699,L000554,Frank,LoBiondo,M,200,NJ,1946
657,L000556,John,LaFalce,M,100,NY,1939
1583,L000557,John,Larson,M,100,CT,1948
1562,L000558,Kenneth,Lucas,M,100,KY,1933
1668,L000559,James,Langevin,M,100,RI,1964
1675,L000560,Rick,Larsen,M,100,WA,1965
677,L000561,Joseph,LeFante,M,100,NJ,1928
1686,L000562,Stephen,Lynch,M,100,MA,1955
1781,L000563,Daniel,Lipinski,M,100,IL,1966
1834,L000564,Doug,Lamborn,M,200,CO,1954
1846,L000565,David,Loebsack,M,100,IA,1952
1885,L000566,Robert,Latta,M,200,OH,1956
1936,L000567,Leonard,Lance,M,200,NJ,1952
1944,L000568,Christopher,Lee,M,200,NY,1964
1931,L000569,Blaine,Luetkemeyer,M,200,MO,1952
1939,L000570,Ben,Luján,M,100,NM,1972
1960,L000571,Cynthia,Lummis,F,200,WY,1954
1971,L000572,George,LeMieux,M,200,FL,1969
2011,L000573,Raúl,Labrador,M,200,ID,1967
2024,L000574,Jeff,Landry,M,200,LA,1970
2050,L000575,James,Lankford,M,200,OK,1968
2033,L000576,Billy,Long,M,200,MO,1955
2080,L000577,Mike,Lee,M,200,UT,1971
2100,L000578,Doug,LaMalfa,M,200,CA,1960
2111,L000579,Alan,Lowenthal,M,100,CA,1941
2146,L000580,Michelle,Lujan Grisham,F,100,NM,1959
719,M000005,Torbert,Macdonald,M,100,MA,1917
720,M000015,Ronald,Machtley,M,200,RI,1948
721,M000019,Connie,Mack,M,200,FL,1940
722,M000023,Kenneth,MacKay,M,100,FL,1933
723,M000039,Ray,Madden,M,100,IN,
724,M000041,Edward,Madigan,M,200,IL,1936
1388,M000053,Warren,Magnuson,M,100,WA,1905
725,M000058,Gene,Maguire,M,100,NJ,1939
726,M000065,George,Mahon,M,100,TX,1900
727,M000070,William,Mailliard,M,200,CA,1917
728,M000078,Richard,Mallary,M,200,VT,1929
729,M000087,Carolyn,Maloney,F,100,NY,1946
1502,M000090,James,Maloney,M,100,CT,1948
730,M000100,David,Mann,M,100,OH,1939
731,M000105,James,Mann,M,100,SC,1920
1389,M000113,Michael,Mansfield,M,100,MT,1903
732,M000117,Thomas,Manton,M,100,NY,1932
734,M000121,Joseph,Maraziti,M,200,NJ,1912
797,M000129,Marjorie,Margolies-Mezvinsky,F,100,PA,1942
735,M000133,Edward,Markey,M,100,MA,1946
736,M000136,Marc,Marks,M,200,PA,1927
737,M000139,Ronald,Marlenee,M,200,MT,1935
738,M000143,David,Marriott,M,200,UT,1939
739,M000174,David,Martin,M,200,NY,1944
740,M000175,David,Martin,M,200,NE,1907
741,M000183,James,Martin,M,200,NC,1935
742,M000195,Lynn,Martin,F,200,IL,1939
743,M000206,Matthew,Martínez,M,100,CA,1929
743,M000206,Matthew,Martínez,M,200,CA,1929
744,M000207,William,Martini,M,200,NJ,1947
745,M000212,Frank,Mascara,M,100,PA,1930
1390,M000236,Harlan,Mathews,M,100,TN,1927
1391,M000241,Charles,Mathias,M,200,MD,1922
746,M000242,Robert,Mathias,M,200,CA,1930
747,M000244,Marvin,Mathis,M,100,GA,1940
748,M000249,Robert,Matsui,M,100,CA,1941
749,M000250,Spark,Matsunaga,M,100,HI,1916
1392,M000257,Mack,Mattingly,M,200,GA,1931
750,M000260,James,Mattox,M,100,TX,1943
751,M000264,Nicholas,Mavroules,M,100,MA,1929
752,M000286,Wiley,Mayne,M,200,IA,1917
753,M000291,Romano,Mazzoli,M,100,KY,1932
754,M000303,John,McCain,M,200,AZ,1936
755,M000306,Alfred,McCandless,M,200,CA,1927
1503,M000309,Carolyn,McCarthy,F,100,NY,1944
1504,M000312,James,McGovern,M,100,MA,1959
756,M000316,Karen,McCarthy,F,100,MO,1947
1393,M000332,John,McClellan,M,100,AR,
757,M000340,Robert,McClory,M,200,IL,1908
758,M000342,Francis,McCloskey,M,100,IN,1939
759,M000343,Paul,McCloskey,M,200,CA,1927
1394,M000346,James,McClure,M,200,ID,1924
760,M000349,John,McCollister,M,200,NE,1921
761,M000350,Bill,McCollum,M,200,FL,1944
1395,M000355,Mitch,McConnell,M,200,KY,1942
762,M000365,Mike,McCormack,M,100,WA,1921
763,M000388,James,McCrery,M,200,LA,1949
764,M000398,David,McCurdy,M,100,OK,1950
765,M000399,Joseph,McDade,M,200,PA,1931
766,M000404,Jim,McDermott,M,100,WA,1936
767,M000413,Lawrence,McDonald,M,100,GA,1935
768,M000432,Bob,McEwen,M,200,OH,1950
769,M000433,Robert,McEwen,M,200,NY,1920
770,M000436,John,McFall,M,100,CA,1918
1396,M000445,Gale,McGee,M,100,WY,1915
1397,M000452,George,McGovern,M,100,SD,1922
771,M000458,Raymond,McGrath,M,200,NY,1942
772,M000466,Paul,McHale,M,100,PA,1950
773,M000472,John,McHugh,M,200,NY,1948
774,M000473,Matthew,McHugh,M,100,NY,1938
775,M000477,Scott,McInnis,M,200,CO,1953
776,M000481,David,McIntosh,M,200,IN,1958
1505,M000485,Mike,McIntyre,M,100,NC,1956
1398,M000486,Thomas,McIntyre,M,100,NH,1915
777,M000490,Koln,McKay,M,100,UT,1925
778,M000508,Howard,McKeon,M,200,CA,1938
779,M000512,John,McKernan,M,200,ME,1948
780,M000523,Cynthia,McKinney,F,100,GA,1955
781,M000527,Stewart,McKinney,M,200,CT,1931
782,M000566,John,McMillan,M,200,NC,1932
783,M000573,Charles,McMillen,M,100,MD,1952
784,M000589,James,McNulty,M,100,AZ,1925
785,M000590,Michael,McNulty,M,100,NY,1947
786,M000603,Clem,McSpadden,M,100,OK,1925
787,M000626,Lloyd,Meeds,M,100,WA,1927
788,M000627,Martin,Meehan,M,100,MA,1956
789,M000628,Carrie,Meek,F,100,FL,1926
790,M000635,John,Melcher,M,100,MT,1924
791,M000639,Robert,Menendez,M,100,NJ,1954
792,M000669,Jack,Metcalf,M,200,WA,1927
1399,M000671,Lee,Metcalf,M,100,MT,1911
793,M000675,Ralph,Metcalfe,M,100,IL,1910
1400,M000678,Howard,Metzenbaum,M,100,OH,1917
794,M000684,Jan,Meyers,F,200,KS,1928
795,M000685,Helen,Meyner,F,100,NJ,1929
796,M000686,Edward,Mezvinsky,M,100,IA,1937
798,M000687,Kweisi,Mfume,M,100,MD,1948
799,M000688,Daniel,Mica,M,100,FL,1944
800,M000689,John,Mica,M,200,FL,1943
801,M000692,Robert,Michel,M,200,IL,1923
802,M000702,Barbara,Mikulski,F,100,MD,1936
803,M000703,Abner,Mikva,M,100,IL,1926
804,M000708,Dale,Milford,M,100,TX,1926
805,M000714,Juanita,Millender-McDonald,F,100,CA,1938
806,M000718,Clarence,Miller,M,200,OH,1917
807,M000720,Dan,Miller,M,200,FL,1942
808,M000725,George,Miller,M,100,CA,1945
809,M000736,John,Miller,M,200,WA,1938
810,M000778,Wilbur,Mills,M,100,AR,1909
811,M000779,William,Mills,M,200,MD,1924
812,M000794,Norman,Mineta,M,100,CA,1931
813,M000795,David,Minge,M,100,MN,1942
814,M000796,Joseph,Minish,M,100,NJ,1916
815,M000797,Patsy,Mink,F,100,HI,1927
816,M000799,William,Minshall,M,200,OH,1911
817,M000808,Donald,Mitchell,M,200,NY,1923
1401,M000811,George,Mitchell,M,100,ME,1933
818,M000826,Parren,Mitchell,M,100,MD,1922
819,M000833,Wilmer,Mizell,M,200,NC,1930
820,M000834,John,Moakley,M,100,MA,1927
820,M000834,John,Moakley,M,329,MA,1927
821,M000839,Anthony,Moffett,M,100,CT,1944
822,M000842,Guy,Molinari,M,200,NY,1928
823,M000843,Susan,Molinari,F,200,NY,1958
824,M000844,Alan,Mollohan,M,100,WV,1943
825,M000845,Robert,Mollohan,M,100,WV,1909
1402,M000851,Walter,Mondale,M,100,MN,1928
826,M000860,David,Monson,M,200,UT,1945
827,M000865,Gillespie,Montgomery,M,100,MS,1920
1403,M000876,Joseph,Montoya,M,100,NM,1915
828,M000881,Jim,Moody,M,100,WI,1935
829,M000923,William,Moore,M,200,LA,1939
830,M000926,Carlos,Moorhead,M,200,CA,1922
831,M000930,William,Moorhead,M,100,PA,1923
832,M000933,James,Moran,M,100,VA,1945
1507,M000934,Jerry,Moran,M,200,KS,1954
833,M000941,Constance,Morella,F,200,MD,1931
1404,M000956,Robert,Morgan,M,100,NC,1925
834,M000958,Thomas,Morgan,M,100,PA,1906
835,M000992,Bruce,Morrison,M,100,CT,1944
836,M000999,Sidney,Morrison,M,200,WA,1933
1405,M001025,Carol,Moseley Braun,F,100,IL,1947
837,M001031,Charles,Mosher,M,200,OH,1906
1406,M001033,Frank,Moss,M,100,UT,1911
838,M001035,John,Moss,M,100,CA,1915
839,M001044,Ronald,Mottl,M,100,OH,1934
1407,M001054,Daniel,Moynihan,M,100,NY,1927
840,M001057,Robert,Mrazek,M,100,NY,1945
1408,M001085,Frank,Murkowski,M,200,AK,1933
841,M001088,Austin,Murphy,M,100,PA,1927
842,M001098,John,Murphy,M,100,NY,1926
843,M001101,Morgan,Murphy,M,100,IL,1932
1409,M001111,Patty,Murray,F,100,WA,1950
844,M001120,John,Murtha,M,100,PA,1932
1410,M001121,Edmund,Muskie,M,100,ME,1914
845,M001123,Raphael,Musto,M,100,PA,1929
846,M001128,Gary,Myers,M,200,PA,1937
847,M001130,John,Myers,M,200,IN,1927
848,M001132,Michael,Myers,M,100,PA,1943
849,M001134,Sue,Myrick,F,200,NC,1941
1506,M001137,Gregory,Meeks,M,100,NY,1953
733,M001138,Donald,Manzullo,M,200,IL,1944
1584,M001139,Gary,Miller,M,200,CA,1948
1561,M001140,Dennis,Moore,M,100,KS,1945
1624,M001141,Zell,Miller,M,100,GA,1932
1671,M001142,Jim,Matheson,M,100,UT,1960
1653,M001143,Betty,McCollum,F,100,MN,1954
1685,M001144,Jeff,Miller,M,200,FL,1959
1719,M001145,Denise,Majette,F,100,GA,1955
1718,M001146,James,Marshall,M,100,GA,1948
1732,M001147,Thaddeus,McCotter,M,200,MI,1965
1715,M001148,Kendrick,Meek,M,100,FL,1966
1730,M001149,Michael,Michaud,M,100,ME,1955
1731,M001150,Candice,Miller,F,200,MI,1954
1744,M001151,Tim,Murphy,M,200,PA,1952
1711,M001152,Marilyn,Musgrave,F,200,CO,1949
1694,M001153,Lisa,Murkowski,F,200,AK,1957
1735,M001154,R.,Miller,M,100,NC,1953
1776,M001155,Connie,Mack,M,200,FL,1967
1792,M001156,Patrick,McHenry,M,200,NC,1975
1804,M001157,Michael,McCaul,M,200,TX,1962
1806,M001158,Kenny,Marchant,M,200,TX,1951
1809,M001159,Cathy,Rodgers,F,200,WA,1969
1811,M001160,Gwen,Moore,F,100,WI,1951
1786,M001161,Charles,Melancon,M,100,LA,1947
1769,M001162,Mel,Martinez,M,200,FL,1946
1814,M001163,Doris,Matsui,F,100,CA,1944
1841,M001164,Tim,Mahoney,M,100,FL,1956
1833,M001165,Kevin,McCarthy,M,200,CA,1965
1832,M001166,Jerry,McNerney,M,100,CA,1951
1830,M001167,Harry,Mitchell,M,100,AZ,1940
1875,M001168,Patrick,Murphy,M,100,PA,1973
1837,M001169,Christopher,Murphy,M,100,CT,1973
1820,M001170,Claire,McCaskill,F,100,MO,1953
1943,M001171,Daniel,Maffei,M,100,NY,1968
1911,M001172,Betsy,Markey,F,100,CO,1956
1945,M001173,Eric,Massa,M,100,NY,1959
1941,M001174,Michael,McMahon,M,100,NY,1957
1918,M001175,Walter,Minnick,M,100,ID,1942
1900,M001176,Jeff,Merkley,M,100,OR,1956
1908,M001177,Tom,McClintock,M,200,CA,1956
1968,M001178,Scott,Murphy,M,100,NY,1970
2053,M001179,Tom,Marino,M,200,PA,1952
2074,M001180,David,McKinley,M,200,WV,1947
2052,M001181,Patrick,Meehan,M,200,PA,1955
2059,M001182,Mick,Mulvaney,M,200,SC,1967
1983,M001183,Joe,Manchin,M,100,WV,1947
2094,M001184,Thomas,Massie,M,200,KY,1971
2150,M001185,Sean,Maloney,M,100,NY,1966
2142,M001187,Mark,Meadows,M,200,NC,1959
2148,M001188,Grace,Meng,F,100,NY,1975
2130,M001189,Luke,Messer,M,200,IN,1969
2156,M001190,Markwayne,Mullin,M,200,OK,1977
2117,M001191,Patrick,Murphy,M,100,FL,1983
2195,M001192,Vance,McAllister,M,200,LA,1974
850,N000002,Jerrold,Nadler,M,100,NY,1947
851,N000003,David,Nagle,M,100,IA,1943
852,N000005,John,Napier,M,200,SC,1947
853,N000009,William,Natcher,M,100,KY,1909
854,N000015,Richard,Neal,M,100,MA,1949
855,N000016,Stephen,Neal,M,100,NC,1934
856,N000019,Lucien,Nedzi,M,100,MI,1925
857,N000027,James,Nelligan,M,200,PA,1929
858,N000028,Ancher,Nelsen,M,200,MN,1904
859,N000032,Bill,Nelson,M,100,FL,1942
1411,N000033,Gaylord,Nelson,M,100,WI,1916
860,N000051,George,Nethercutt,M,200,WA,1944
861,N000054,Mark,Neumann,M,200,WI,1954
862,N000081,Robert,Ney,M,200,OH,1954
864,N000094,Richard,Nichols,M,200,KS,1926
863,N000095,William,Nichols,M,100,AL,1918
1412,N000102,Don,Nickles,M,200,OK,1948
865,N000106,Howard,Nielson,M,200,UT,1924
866,N000113,Robert,Nix,M,100,PA,
867,N000127,Richard,Nolan,M,100,MN,1943
1508,N000143,Anne,Northup,F,200,KY,1948
869,N000159,Charles,Norwood,M,200,GA,1941
870,N000163,Henry,Nowak,M,100,NY,1935
1413,N000171,Samuel,Nunn,M,100,GA,1938
871,N000172,James,Nussle,M,200,IA,1960
1602,N000179,Grace,Napolitano,F,100,CA,1936
1627,N000180,Ben,Nelson,M,100,NE,1941
1710,N000181,Devin,Nunes,M,200,CA,1973
1758,N000182,Randy,Neugebauer,M,200,TX,1949
1957,N000183,Glenn,Nye,M,100,VA,1974
2060,N000184,Kristi,Noem,F,200,SD,1971
2001,N000185,Richard,Nugent,M,200,FL,1951
2034,N000186,Alan,Nunnelee,M,200,MS,1958
2108,N000187,Gloria,Negrete McLeod,F,100,CA,1941
875,O000001,Mary,Oakar,F,100,OH,1940
876,O000006,James,Oberstar,M,100,MN,1934
877,O000007,David,Obey,M,100,WI,1938
872,O000010,George,O’Brien,M,200,IL,1917
873,O000055,James,O’Hara,M,100,MI,1925
878,O000069,James,Olin,M,100,VA,1920
879,O000085,John,Olver,M,100,MA,1936
874,O000098,Thomas,O’Neill,M,100,MA,1912
880,O000107,Solomon,Ortiz,M,100,TX,1937
881,O000108,William,Orton,M,100,UT,1948
882,O000134,Richard,Ottinger,M,100,NY,1929
884,O000156,Douglas,Owens,M,100,UT,1937
883,O000159,Major,Owens,M,100,NY,1936
885,O000163,Michael,Oxley,M,200,OH,1944
1585,O000164,Doug,Ose,M,200,CA,1955
1658,O000165,Thomas,Osborne,M,200,NE,1937
1646,O000166,C.L.,Otter,M,200,ID,1942
1763,O000167,Barack,Obama,M,100,IL,1961
1763,O000167,Barack,Obama,M,100,USA,1961
1955,O000168,Pete,Olson,M,200,TX,1962
1974,O000169,William,Owens,M,100,NY,1949
2162,O000170,Beto,O’Rourke,M,100,TX,1972
886,P000005,Ron,Packard,M,200,CA,1931
1414,P000009,Robert,Packwood,M,200,OR,1932
887,P000034,Frank,Pallone,M,100,NJ,1951
888,P000047,Leon,Panetta,M,100,CA,1938
1509,P000049,Michael,Pappas,M,200,NJ,1960
889,P000066,Michael,Parker,M,100,MS,1949
889,P000066,Michael,Parker,M,200,MS,1949
890,P000080,Stanford,Parris,M,200,VA,1929
1510,P000096,Bill,Pascrell,M,100,NJ,1937
891,P000097,Charles,Pashayan,M,200,CA,1941
892,P000098,Otto,Passman,M,100,LA,1900
893,P000099,Ed,Pastor,M,100,AZ,1943
1415,P000100,John,Pastore,M,100,RI,1907
895,P000103,John,Patman,M,100,TX,
894,P000104,William,Patman,M,100,TX,1927
896,P000106,Edward,Patten,M,100,NJ,1905
897,P000112,Elizabeth,Patterson,F,100,SC,1939
898,P000121,Jerry,Patterson,M,100,CA,1934
899,P000134,Edward,Pattison,M,100,NY,1932
901,P000148,L.,Paxon,M,200,NY,1954
902,P000149,Donald,Payne,M,100,NJ,1934
903,P000152,Lewis,Payne,M,100,VA,1945
1416,P000166,James,Pearson,M,200,KS,1920
904,P000170,Donald,Pease,M,100,OH,1931
1511,P000171,Edward,Pease,M,200,IN,1951
1417,P000193,Claiborne,Pell,M,100,RI,1918
905,P000197,Nancy,Pelosi,F,100,CA,1940
906,P000215,Timothy,Penny,M,100,MN,1951
907,P000218,Claude,Pepper,M,100,FL,1900
1418,P000222,Charles,Percy,M,200,IL,1919
909,P000229,Carl,Perkins,M,100,KY,1954
908,P000230,Carl,Perkins,M,100,KY,1912
910,P000258,Collin,Peterson,M,100,MN,1944
911,P000259,Douglas,Peterson,M,100,FL,1935
1512,P000263,John,Peterson,M,200,PA,1938
912,P000265,Thomas,Petri,M,200,WI,1940
913,P000272,Jerry,Pettis,M,200,CA,1916
914,P000273,Shirley,Pettis,F,200,CA,1924
915,P000280,Peter,Peyser,M,100,NY,1921
915,P000280,Peter,Peyser,M,200,NY,1921
1513,P000323,Charles,Pickering,M,200,MS,1963
916,P000326,Owen,Pickett,M,100,VA,1930
917,P000328,James,Pickle,M,100,TX,1913
918,P000348,Otis,Pike,M,100,NY,1921
1514,P000373,Joseph,Pitts,M,200,PA,1939
919,P000398,William,Poage,M,100,TX,
920,P000399,Bertram,Podell,M,100,NY,1925
921,P000419,Richard,Pombo,M,200,CA,1961
922,P000422,Earl,Pomeroy,M,100,ND,1952
923,P000444,John,Porter,M,200,IL,1935
924,P000449,Robert,Portman,M,200,OH,1955
925,P000452,Glenn,Poshard,M,100,IL,1945
926,P000485,Walter,Powell,M,200,OH,1931
927,P000513,Larry,Pressler,M,200,SD,1942
928,P000520,Lunsford,Preyer,M,100,NC,1919
929,P000522,Charles,Price,M,100,IL,1905
930,P000523,David,Price,M,100,NC,1940
931,P000528,Robert,Price,M,200,TX,1927
932,P000546,Joel,Pritchard,M,200,WA,1925
1419,P000553,William,Proxmire,M,100,WI,1915
933,P000555,Deborah,Pryce,F,200,OH,1951
1420,P000556,David,Pryor,M,100,AR,1934
934,P000574,Carl,Pursell,M,200,MI,1932
900,P000583,Ronald,Paul,M,200,TX,1935
1586,P000584,David,Phelps,M,100,IL,1947
1667,P000585,Todd,Platts,M,200,PA,1962
1645,P000586,Adam,Putnam,M,200,FL,1974
1649,P000587,Mike,Pence,M,200,IN,1959
1738,P000588,Stevan,Pearce,M,200,NM,1947
1739,P000589,Jon,Porter,M,200,NV,1955
1701,P000590,Mark,Pryor,M,100,AR,1963
1778,P000591,Tom,Price,M,200,GA,1954
1802,P000592,Ted,Poe,M,200,TX,1948
1835,P000593,Ed,Perlmutter,M,100,CO,1953
1930,P000594,Erik,Paulsen,M,200,MN,1965
1929,P000595,Gary,Peters,M,100,MI,1958
1927,P000597,Chellie,Pingree,F,100,ME,1955
1910,P000598,Jared,Polis,M,100,CO,1975
1915,P000599,Bill,Posey,M,200,FL,1947
1958,P000600,Thomas,Perriello,M,100,VA,1974
2035,P000601,Steven,Palazzo,M,200,MS,1970
2022,P000602,Mike,Pompeo,M,200,KS,1963
2082,P000603,Rand,Paul,M,200,KY,1963
2097,P000604,Donald,Payne,M,100,NJ,1958
2157,P000605,Scott,Perry,M,200,PA,1962
2141,P000606,Robert,Pittenger,M,200,NC,1948
2171,P000607,Mark,Pocan,M,100,WI,1964
2113,P000608,Scott,Peters,M,100,CA,1958
935,Q000007,James,Quayle,M,200,IN,1947
936,Q000010,Albert,Quie,M,200,MN,1923
937,Q000013,James,Quillen,M,200,TN,1916
938,Q000016,Jack,Quinn,M,200,NY,1951
1967,Q000023,Mike,Quigley,M,100,IL,1958
1993,Q000024,Ben,Quayle,M,200,AZ,1976
939,R000004,George,Radanovich,M,200,CA,1955
940,R000011,Nick,Rahall,M,100,WV,1949
941,R000012,Thomas,Railsback,M,200,IL,1932
942,R000033,James,Ramstad,M,200,MN,1946
943,R000041,William,Randall,M,100,MO,1909
1421,R000046,Jennings,Randolph,M,100,WV,1902
944,R000053,Charles,Rangel,M,100,NY,1930
945,R000065,John,Rarick,M,100,LA,1924
946,R000067,William,Ratchford,M,100,CT,1934
947,R000072,Arthur,Ravenel,M,200,SC,1927
948,R000080,Richard,Ray,M,100,GA,1927
949,R000122,John,Reed,M,100,RI,1949
950,R000134,Thomas,Rees,M,100,CA,1925
951,R000141,Ralph,Regula,M,200,OH,1924
952,R000146,Harry,Reid,M,100,NV,1939
953,R000150,Ogden,Reid,M,100,NY,1925
953,R000150,Ogden,Reid,M,200,NY,1925
954,R000165,Henry,Reuss,M,100,WI,1912
1516,R000170,Silvestre,Reyes,M,100,TX,1944
955,R000178,Mel,Reynolds,M,100,IL,1952
957,R000188,John,Rhodes,M,200,AZ,1916
956,R000189,John,Rhodes,M,200,AZ,1943
1422,R000191,Abraham,Ribicoff,M,100,CT,1910
958,R000229,William,Richardson,M,100,NM,1947
959,R000232,Frederick,Richmond,M,100,NY,1923
960,R000243,Thomas,Ridge,M,200,PA,1945
961,R000249,Donald,Riegle,M,100,MI,1938
961,R000249,Donald,Riegle,M,200,MI,1938
962,R000252,Frank,Riggs,M,200,CA,1950
1517,R000258,Bob,Riley,M,200,AL,1944
963,R000262,Matthew,Rinaldo,M,200,NJ,1931
964,R000268,Theodore,Risenhoover,M,100,OK,1934
965,R000277,Donald,Ritter,M,200,PA,1940
966,R000281,Lynn,Rivers,F,100,MI,1956
1423,R000295,Charles,Robb,M,100,VA,1939
968,R000307,Pat,Roberts,M,200,KS,1936
967,R000308,Clint,Roberts,M,200,SD,1935
969,R000312,Herbert,Roberts,M,100,TX,1913
970,R000337,James,Robinson,M,200,VA,1916
971,R000354,Tommy,Robinson,M,100,AR,1942
971,R000354,Tommy,Robinson,M,200,AR,1942
972,R000357,Howard,Robison,M,200,NY,1915
1424,R000361,John,Rockefeller,M,100,WV,1937
973,R000374,Peter,Rodino,M,100,NJ,1909
974,R000383,Robert,Roe,M,100,NJ,1924
975,R000384,Charles,Roemer,M,100,LA,1943
976,R000385,Timothy,Roemer,M,100,IN,1956
1519,R000386,James,Rogan,M,200,CA,1957
977,R000395,Harold,Rogers,M,200,KY,1937
978,R000401,Paul,Rogers,M,100,FL,1921
979,R000409,Dana,Rohrabacher,M,200,CA,1947
981,R000421,Teno,Roncalio,M,100,WY,1916
982,R000422,Angelo,Roncallo,M,200,NY,1927
983,R000423,Frederick,Rooney,M,100,PA,1925
984,R000424,John,Rooney,M,100,NY,1903
985,R000435,Ileana,Ros-Lehtinen,F,200,FL,1952
986,R000436,Charles,Rose,M,100,NC,1939
987,R000442,Benjamin,Rosenthal,M,100,NY,1923
988,R000458,Daniel,Rostenkowski,M,100,IL,1928
989,R000459,Toby,Roth,M,200,WI,1938
1425,R000460,William,Roth,M,200,DE,1921
1520,R000462,Steven,Rothman,M,100,NJ,1952
990,R000465,Marge,Roukema,F,200,NJ,1929
991,R000467,John,Roush,M,100,IN,1920
992,R000469,John,Rousselot,M,200,CA,1927
993,R000481,James,Rowland,M,100,GA,1926
994,R000482,John,Rowland,M,200,CT,1957
995,R000484,William,Roy,M,100,KS,1926
996,R000485,Edward,Roybal,M,100,CA,1916
997,R000486,Lucille,Roybal-Allard,F,100,CA,1941
998,R000487,Edward,Royce,M,200,CA,1951
999,R000489,William,Royer,M,200,CA,1920
1000,R000495,Eldon,Rudd,M,200,AZ,1920
1426,R000497,Warren,Rudman,M,200,NH,1930
1001,R000510,Harold,Runnels,M,100,NM,1924
1002,R000512,Philip,Ruppe,M,200,MI,1926
1003,R000515,Bobby,Rush,M,100,IL,1946
1004,R000543,Martin,Russo,M,100,IL,1944
1005,R000545,Earl,Ruth,M,200,NC,1916
1006,R000558,Leo,Ryan,M,100,CA,1925
1521,R000566,Jim,Ryun,M,200,KS,1947
1515,R000567,William,Redmond,M,200,NM,1955
1518,R000568,Ciro,Rodriguez,M,100,TX,1946
1587,R000569,Thomas,Reynolds,M,200,NY,1950
1560,R000570,Paul,Ryan,M,200,WI,1970
1657,R000571,Dennis,Rehberg,M,200,MT,1955
1651,R000572,Mike,Rogers,M,200,MI,1963
1632,R000573,Mike,Ross,M,100,AR,1961
1706,R000574,Rick,Renzi,M,200,AZ,1958
1704,R000575,Mike,Rogers,M,200,AL,1958
1728,R000576,C.,Ruppersberger,M,100,MD,1946
1756,R000577,Tim,Ryan,M,100,OH,1973
1810,R000578,David,Reichert,M,200,WA,1950
1848,R000580,Peter,Roskam,M,200,IL,1961
1883,R000581,Laura,Richardson,F,100,CA,1962
1954,R000582,David,Roe,M,200,TN,1945
1916,R000583,Thomas,Rooney,M,200,FL,1970
1896,R000584,James,Risch,M,200,ID,1943
1982,R000585,Tom,Reed,M,200,NY,1971
2048,R000586,James,Renacci,M,200,OH,1958
2073,R000587,Reid,Ribble,M,200,WI,1956
2023,R000588,Cedric,Richmond,M,100,LA,1973
2068,R000589,Edward,Rigell,M,200,VA,1960
2007,R000590,David,Rivera,M,200,FL,1965
1986,R000591,Martha,Roby,F,200,AL,1976
2017,R000592,Todd,Rokita,M,200,IN,1970
2003,R000593,Dennis,Ross,M,200,FL,1959
2039,R000594,Jon,Runyan,M,200,NJ,1973
2084,R000595,Marco,Rubio,M,200,FL,1971
2118,R000596,Trey,Radel,M,200,FL,1976
2160,R000597,Tom,Rice,M,200,SC,1957
2158,R000598,Keith,Rothfus,M,200,PA,1962
2109,R000599,Raul,Ruiz,M,100,CA,1972
1007,S000005,Martin,Sabo,M,100,MN,1938
1008,S000014,Patricia,Saiki,F,200,HI,1930
1009,S000018,Matt,Salmon,M,200,AZ,1958
1522,S000030,Loretta,Sanchez,F,100,CA,1960
1010,S000033,Bernard,Sanders,M,328,VT,1941
1523,S000044,Max,Sandlin,M,100,TX,1952
1011,S000045,Charles,Sandman,M,200,NJ,1921
1012,S000051,Marshall,Sanford,M,200,SC,1960
1427,S000055,James,Sanford,M,100,NC,1917
1013,S000056,George,Sangmeister,M,100,IL,1931
1014,S000058,James,Santini,M,100,NV,1937
1015,S000059,Richard,Santorum,M,200,PA,1958
1016,S000062,Ronald,Sarasin,M,200,CT,1934
1017,S000064,Paul,Sarbanes,M,100,MD,1933
1018,S000066,William,Sarpalius,M,100,TX,1948
1428,S000068,James,Sasser,M,100,TN,1936
1019,S000070,David,Satterfield,M,100,VA,1920
1020,S000081,Gus,Savage,M,100,IL,1925
1021,S000087,Harold,Sawyer,M,200,MI,1920
1022,S000094,Thomas,Sawyer,M,100,OH,1945
1429,S000096,William,Saxbe,M,200,OH,1916
1023,S000097,H.,Saxton,M,200,NJ,1943
1024,S000102,John,Saylor,M,200,PA,1908
1025,S000106,Joe,Scarborough,M,200,FL,1963
1026,S000109,Daniel,Schaefer,M,200,CO,1936
1524,S000112,Bob,Schaffer,M,200,CO,1962
1027,S000119,Lynn,Schenk,F,100,CA,1945
1028,S000121,William,Scherle,M,200,IA,1923
1029,S000124,James,Scheuer,M,100,NY,1920
1030,S000125,Steven,Schiff,M,200,NM,1947
1430,S000132,Harrison,Schmitt,M,200,NM,1935
1031,S000135,Herman,Schneebeli,M,200,PA,1907
1032,S000136,Claudine,Schneider,F,200,RI,1947
1033,S000142,Patricia,Schroeder,F,100,CO,1940
1034,S000143,Bill,Schuette,M,200,MI,1953
1035,S000146,Richard,Schulze,M,200,PA,1929
1036,S000148,Charles,Schumer,M,100,NY,1950
1431,S000159,Richard,Schweiker,M,200,PA,1926
1432,S000174,Hugh,Scott,M,200,PA,1900
1037,S000185,Robert,Scott,M,100,VA,1947
1433,S000189,William,Scott,M,200,VA,1915
1038,S000213,Andrea,Seastrand,F,200,CA,1941
1039,S000217,Keith,Sebelius,M,200,KS,1916
1040,S000230,John,Seiberling,M,100,OH,1918
1041,S000244,F.,Sensenbrenner,M,200,WI,1943
1042,S000248,José,Serrano,M,100,NY,1943
1525,S000250,Pete,Sessions,M,200,TX,1955
1434,S000269,John,Seymour,M,200,CA,1937
1043,S000275,John,Shadegg,M,200,AZ,1949
1044,S000282,Robert,Shamansky,M,100,OH,1927
1045,S000286,James,Shannon,M,100,MA,1952
1046,S000294,Philip,Sharp,M,100,IN,1942
1047,S000303,E.,Shaw,M,200,FL,1939
1049,S000320,Richard,Shelby,M,100,AL,1934
1049,S000320,Richard,Shelby,M,200,AL,1934
1050,S000332,Karen,Shepherd,F,100,UT,1940
1526,S000344,Brad,Sherman,M,100,CA,1954
1527,S000364,John,Shimkus,M,200,IL,1958
1051,S000367,George,Shipley,M,100,IL,1927
1052,S000383,Richard,Shoup,M,200,MT,1923
1053,S000388,Garner,Shriver,M,200,KS,1912
1054,S000393,Norman,Shumway,M,200,CA,1934
1055,S000394,Elmer,Shuster,M,200,PA,1932
1056,S000406,Robert,Sikes,M,100,FL,1906
1057,S000407,Gerald,Sikorski,M,100,MN,1948
1058,S000409,Mark,Siljander,M,200,MI,1951
1059,S000423,Paul,Simon,M,100,IL,1928
1435,S000429,Alan,Simpson,M,200,WY,1931
1060,S000453,Norman,Sisisky,M,100,VA,1927
1061,S000454,Bernice,Sisk,M,100,CA,1910
1062,S000462,David,Skaggs,M,100,CO,1943
1063,S000463,Joseph,Skeen,M,200,NM,1927
1064,S000465,Ike,Skelton,M,100,MO,1931
1065,S000472,Joe,Skubitz,M,200,KS,1906
1066,S000473,John,Slack,M,100,WV,1915
1067,S000477,James,Slattery,M,100,KS,1948
1068,S000479,Daniel,Slaughter,M,200,VA,1925
1069,S000480,Louise,Slaughter,F,100,NY,1929
1528,S000510,Adam,Smith,M,100,WA,1965
1070,S000514,Albert,Smith,M,200,AL,1931
1071,S000522,Christopher,Smith,M,200,NJ,1953
1072,S000527,Dennis,Smith,M,200,OR,1938
1073,S000548,Henry,Smith,M,200,NY,1911
1074,S000579,Joseph,Smith,M,100,PA,1920
1075,S000583,Lamar,Smith,M,200,TX,1947
1076,S000584,Larkin,Smith,M,200,MS,1944
1077,S000586,Lawrence,Smith,M,100,FL,1941
1078,S000587,Linda,Smith,F,200,WA,1950
1079,S000596,Neal,Smith,M,100,IA,1920
1080,S000597,Nick,Smith,M,200,MI,1934
1081,S000601,Peter,Smith,M,200,VT,1945
1082,S000606,Robert,Smith,M,200,NH,1941
1083,S000607,Robert,Smith,M,200,OR,1931
1084,S000622,Virginia,Smith,F,200,NE,1911
1529,S000662,Vincent,Snowbarger,M,200,KS,1949
1085,S000663,Olympia,Snowe,F,200,ME,1947
1086,S000669,Marion,Snyder,M,200,KY,1928
1530,S000672,Victor,Snyder,M,100,AR,1947
1087,S000673,Stephen,Solarz,M,100,NY,1940
1088,S000675,Gerald,Solomon,M,200,NY,1930
1436,S000701,John,Sparkman,M,100,AL,
1437,S000709,Arlen,Specter,M,100,PA,1930
1437,S000709,Arlen,Specter,M,200,PA,1930
1090,S000716,Gladys,Spellman,F,100,MD,1918
1091,S000718,Floyd,Spence,M,200,SC,1928
1092,S000749,John,Spratt,M,100,SC,1942
1093,S000762,Fernand,St. Germain,M,100,RI,1928
1531,S000770,Debbie,Stabenow,F,100,MI,1950
1094,S000772,Edward,Stack,M,100,FL,1910
1438,S000776,Robert,Stafford,M,200,VT,1913
1096,S000778,Harley,Staggers,M,100,WV,1907
1095,S000779,Harley,Staggers,M,100,WV,1951
1097,S000785,Richard,Stallings,M,100,ID,1940
1098,S000795,Arlan,Stangeland,M,200,MN,1930
1100,S000803,James,Stanton,M,100,OH,1932
1099,S000804,John,Stanton,M,200,OH,1924
1101,S000810,Fortney,Stark,M,100,CA,1931
1102,S000818,David,Staton,M,200,WV,1940
1103,S000822,Clifford,Stearns,M,200,FL,1941
1104,S000829,Thomas,Steed,M,100,OK,1904
1105,S000836,Robert,Steele,M,200,CT,1938
1106,S000841,Alan,Steelman,M,200,TX,1942
1107,S000844,Newton,Steers,M,200,MD,1917
1108,S000846,Sam,Steiger,M,200,AZ,1929
1109,S000847,William,Steiger,M,200,WI,1938
1110,S000851,Charles,Stenholm,M,100,TX,1938
1439,S000852,John,Stennis,M,100,MS,1901
1111,S000860,Robert,Stephens,M,100,GA,1913
1440,S000888,Ted,Stevens,M,200,AK,1923
1441,S000890,Adlai,Stevenson,M,100,IL,1930
1112,S000902,Bennett,Stewart,M,100,IL,1912
1442,S000907,Donald,Stewart,M,100,AL,1940
1113,S000935,David,Stockman,M,200,MI,1946
1114,S000937,Steve,Stockman,M,200,TX,1956
1115,S000948,Louis,Stokes,M,100,OH,1925
1443,S000962,Richard,Stone,M,100,FL,1928
1116,S000991,Michael,Strang,M,200,CO,1929
1117,S000997,Samuel,Stratton,M,100,NY,1916
1118,S001004,Ted,Strickland,M,100,OH,1941
1119,S001037,Frank,Stubblefield,M,100,KY,1907
1120,S001039,Williamson,Stuckey,M,100,GA,1935
1121,S001040,Gerry,Studds,M,100,MA,1937
1122,S001044,Robert,Stump,M,100,AZ,1927
1122,S001044,Robert,Stump,M,200,AZ,1927
1123,S001045,Bart,Stupak,M,100,MI,1952
1124,S001057,Leonor,Sullivan,F,100,MO,1902
1125,S001075,Donald,Sundquist,M,200,TN,1936
1532,S001078,John,Sununu,M,200,NH,1964
1127,S001101,David,Sweeney,M,200,TX,1955
1128,S001113,Richard,Swett,M,100,NH,1957
1129,S001115,Allan,Swift,M,100,WA,1935
1130,S001122,Patrick,Swindall,M,200,GA,1950
1131,S001134,James,Symington,M,100,MO,1927
1444,S001136,William,Symington,M,100,MO,1901
1132,S001138,Steven,Symms,M,200,ID,1938
1133,S001139,Michael,Synar,M,100,OK,1950
1548,S001141,Jefferson,Sessions,M,200,AL,1946
1549,S001142,Gordon,Smith,M,200,OR,1952
1089,S001143,Mark,Souder,M,200,IN,1950
1048,S001144,Christopher,Shays,M,200,CT,1945
1588,S001145,Janice,Schakowsky,F,100,IL,1944
1589,S001146,Donald,Sherwood,M,200,PA,1941
1565,S001147,Ronnie,Shows,M,100,MS,1947
1590,S001148,Michael,Simpson,M,200,ID,1950
1591,S001149,John,Sweeney,M,200,NY,1955
1635,S001150,Adam,Schiff,M,100,CA,1960
1673,S001151,Edward,Schrock,M,200,VA,1941
1642,S001152,Robert,Simmons,M,200,CT,1943
1636,S001153,Hilda,Solis,F,100,CA,1957
1681,S001154,Bill,Shuster,M,200,PA,1961
1689,S001155,John,Sullivan,M,200,OK,1965
1757,S001156,Linda,Sánchez,F,100,CA,1969
1722,S001157,David,Scott,M,100,GA,1945
1775,S001158,John,Salazar,M,100,CO,1953
1783,S001160,Michael,Sodrel,M,200,IN,1945
1788,S001161,John,Schwarz,M,200,MI,1937
1798,S001162,Allyson,Schwartz,F,100,PA,1948
1762,S001163,Ken,Salazar,M,100,CO,1955
1815,S001164,Jean,Schmidt,F,200,OH,1951
1818,S001165,Albio,Sires,M,100,NJ,1951
1819,S001166,Shelley,Sekula-Gibbs,F,200,TX,1953
1847,S001167,Bill,Sali,M,200,ID,1954
1854,S001168,John,Sarbanes,M,100,MD,1962
1874,S001169,Joe,Sestak,M,100,PA,1951
1861,S001170,Carol,Shea-Porter,F,100,NH,1952
1859,S001171,Heath,Shuler,M,100,NC,1971
1860,S001172,Adrian,Smith,M,200,NE,1970
1871,S001173,Zachary,Space,M,100,OH,1961
1870,S001174,Betty,Sutton,F,100,OH,1963
1890,S001175,Jackie,Speier,F,100,CA,1950
1892,S001176,Steve,Scalise,M,200,LA,1965
1928,S001178,Mark,Schauer,M,100,MI,1961
1920,S001179,Aaron,Schock,M,200,IL,1981
1950,S001180,Kurt,Schrader,M,100,OR,1951
1901,S001181,Jeanne,Shaheen,F,100,NH,1947
2016,S001182,Robert,Schilling,M,200,IL,1964
1994,S001183,David,Schweikert,M,200,AZ,1962
2056,S001184,Tim,Scott,M,200,SC,1965
1988,S001185,Terri,Sewell,F,100,AL,1965
2000,S001186,Steve,Southerland,M,200,FL,1965
2047,S001187,Steve,Stivers,M,200,OH,1965
1981,S001188,Marlin,Stutzman,M,200,IN,1976
2009,S001189,Austin,Scott,M,200,GA,1969
2124,S001190,Bradley,Schneider,M,100,IL,1961
2099,S001191,Kyrsten,Sinema,F,100,AZ,1976
2168,S001192,Chris,Stewart,M,200,UT,1960
2104,S001193,Eric,Swalwell,M,100,CA,1980
2173,S001194,Brian,Schatz,M,100,HI,1972
2191,S001195,Jason,Smith,M,200,MO,1980
1445,T000010,Robert,Taft,M,200,OH,1917
1134,T000022,Burt,Talcott,M,200,CA,1920
1135,T000024,James,Talent,M,200,MO,1956
1136,T000034,Robert,Tallon,M,100,SC,1946
1446,T000035,Herman,Talmadge,M,100,GA,1913
1137,T000038,John,Tanner,M,100,TN,1944
1138,T000048,Randy,Tate,M,200,WA,1965
1139,T000053,Thomas,Tauke,M,200,IA,1950
1533,T000057,Ellen,Tauscher,F,100,CA,1951
1140,T000058,William,Tauzin,M,100,LA,1943
1140,T000058,William,Tauzin,M,200,LA,1943
1141,T000067,Charles,Taylor,M,200,NC,1941
1142,T000074,Gene,Taylor,M,100,MS,1953
1143,T000075,Gene,Taylor,M,200,MO,1928
1144,T000099,Roy,Taylor,M,100,NC,1910
1145,T000109,Charles,Teague,M,200,CA,1909
1146,T000110,Olin,Teague,M,100,TX,1910
1147,T000113,Frank,Tejeda,M,100,TX,1945
1149,T000162,Craig,Thomas,M,200,WY,1933
1150,T000184,Robert,Thomas,M,100,GA,1943
1148,T000188,William,Thomas,M,200,CA,1941
1151,T000193,Bennie,Thompson,M,100,MS,1948
1152,T000200,Frank,Thompson,M,100,NJ,1918
1153,T000233,Vernon,Thomson,M,200,WI,1905
1154,T000234,Charles,Thone,M,200,NE,1924
1155,T000238,Mac,Thornberry,M,200,TX,1958
1156,T000243,Raymond,Thornton,M,100,AR,1928
1534,T000250,John,Thune,M,200,SD,1961
1157,T000253,Karen,Thurman,F,100,FL,1951
1448,T000254,J.,Thurmond,M,100,SC,1902
1448,T000254,J.,Thurmond,M,200,SC,1902
1158,T000260,Todd,Tiahrt,M,200,KS,1951
1159,T000265,Robert,Tiernan,M,100,RI,1929
1535,T000266,John,Tierney,M,100,MA,1951
1160,T000310,Richard,Tonry,M,100,LA,1935
1161,T000314,Peter,Torkildsen,M,200,MA,1958
1162,T000316,Esteban,Torres,M,100,CA,1930
1163,T000317,Robert,Torricelli,M,100,NJ,1951
1164,T000321,David,Towell,M,200,NV,1937
1449,T000322,John,Tower,M,200,TX,1925
1165,T000326,Edolphus,Towns,M,100,NY,1934
1166,T000350,James,Traficant,M,100,OH,1941
1167,T000356,Jerome,Traxler,M,100,MI,1931
1168,T000362,David,Treen,M,200,LA,1928
1169,T000367,Paul,Trible,M,200,VA,1946
1170,T000393,Paul,Tsongas,M,100,MA,1941
1171,T000400,James,Tucker,M,100,AR,1943
1172,T000405,Walter,Tucker,M,100,CA,1957
1450,T000410,John,Tunney,M,100,CA,1934
1536,T000424,James,Turner,M,100,TX,1946
1447,T000457,Fred,Thompson,M,200,TN,1942
1592,T000458,Thomas,Tancredo,M,200,CO,1945
1566,T000459,Lee,Terry,M,200,NE,1962
1593,T000460,Mike,Thompson,M,100,CA,1951
2085,T000461,Patrick,Toomey,M,200,PA,1961
1664,T000462,Patrick,Tiberi,M,200,OH,1962
1741,T000463,Michael,Turner,M,200,OH,1960
1829,T000464,Jon,Tester,M,100,MT,1956
1884,T000465,Niki,Tsongas,F,100,MA,1946
1938,T000466,Harry,Teague,M,100,NM,1949
1952,T000467,Glenn,Thompson,M,200,PA,1959
1940,T000468,Dina,Titus,F,100,NV,1950
1942,T000469,Paul,Tonko,M,100,NY,1949
1997,T000470,Scott,Tipton,M,200,CO,1956
2091,T000471,Robert,Turner,M,200,NY,1941
2110,T000472,Mark,Takano,M,100,CA,1960
1173,U000001,Morris,Udall,M,100,AZ,1922
1174,U000004,Albert,Ullman,M,100,OR,1914
1176,U000017,Jolene,Unsoeld,F,100,WA,1931
1177,U000031,Fred,Upton,M,200,MI,1953
1595,U000038,Mark,Udall,M,100,CO,1950
1567,U000039,Tom,Udall,M,100,NM,1948
1178,V000006,Itimous,Valentine,M,100,NC,1926
1179,V000024,Lionel,Van Deerlin,M,100,CA,1914
1182,V000026,Tommy,Vandergriff,M,100,TX,1926
1180,V000027,Guy,Vander Jagt,M,200,MI,1931
1181,V000029,Richard,Vander Veen,M,100,MI,1922
1183,V000047,Charles,Vanik,M,100,OH,1913
1184,V000081,Nydia,Velázquez,F,100,NY,1953
1185,V000087,Bruce,Vento,M,100,MN,1940
1186,V000093,Victor,Veysey,M,200,CA,1915
1187,V000098,Joseph,Vigorito,M,100,PA,1918
1188,V000108,Peter,Visclosky,M,100,IN,1949
1189,V000112,Harold,Volkmer,M,100,MO,1931
1190,V000124,Barbara,Vucanovich,F,200,NV,1921
1575,V000126,George,Voinovich,M,200,OH,1936
1609,V000127,David,Vitter,M,200,LA,1961
1729,V000128,Chris,Van Hollen,M,100,MD,1959
2105,V000129,David,Valadao,M,200,CA,1977
2112,V000130,Juan,Vargas,M,100,CA,1961
2166,V000131,Marc,Veasey,M,100,TX,1971
2167,V000132,Filemon,Vela,M,100,TX,1963
1191,W000018,Joseph,Waggonner,M,100,LA,1918
1193,W000035,Jerome,Waldie,M,100,CA,1925
1194,W000038,Alton,Waldon,M,100,NY,1936
1195,W000044,Douglas,Walgren,M,100,PA,1940
1196,W000068,Robert,Walker,M,200,PA,1942
1451,W000092,Malcolm,Wallop,M,200,WY,1933
1197,W000099,James,Walsh,M,200,NY,1947
1198,W000107,William,Walsh,M,200,NY,1912
1199,W000119,Zach,Wamp,M,200,TN,1957
1200,W000121,William,Wampler,M,200,VA,1926
1201,W000139,Michael,Ward,M,100,KY,1951
1202,W000147,John,Ware,M,200,PA,1908
1452,W000154,John,Warner,M,200,VA,1927
1203,W000177,Craig,Washington,M,100,TX,1941
1204,W000180,Harold,Washington,M,100,IL,1922
1205,W000187,Maxine,Waters,F,100,CA,1938
1206,W000194,Wes,Watkins,M,100,OK,1938
1206,W000194,Wes,Watkins,M,200,OK,1938
1207,W000207,Melvin,Watt,M,100,NC,1945
1208,W000210,J.C.,Watts,M,200,OK,1957
1209,W000215,Henry,Waxman,M,100,CA,1939
1210,W000227,James,Weaver,M,100,OR,1927
1211,W000235,Edward,Weber,M,200,OH,1931
1212,W000237,John,Weber,M,200,MN,1952
1453,W000253,Lowell,Weicker,M,200,CT,1931
1213,W000258,Theodore,Weiss,M,100,NY,1927
1215,W000267,David,Weldon,M,200,FL,1953
1214,W000268,W.,Weldon,M,200,PA,1947
1216,W000273,Gerald,Weller,M,200,IL,1957
1454,W000288,Paul,Wellstone,M,100,MN,1944
1537,W000314,Robert,Wexler,M,100,FL,1961
1538,W000315,Robert,Weygand,M,100,RI,1948
1217,W000317,Charles,Whalen,M,200,OH,1920
1218,W000326,Alan,Wheat,M,100,MO,1951
1219,W000390,Richard,White,M,100,TX,1923
1220,W000391,Richard,White,M,200,WA,1953
1221,W000406,George,Whitehurst,M,200,VA,1925
1222,W000413,Ed,Whitfield,M,200,KY,1943
1223,W000419,Charles,Whitley,M,100,NC,1927
1224,W000426,Robert,Whittaker,M,200,KS,1939
1225,W000428,Jamie,Whitten,M,100,MS,1910
1226,W000437,Roger,Wicker,M,200,MS,1951
1227,W000445,William,Widnall,M,200,NJ,1906
1228,W000448,Charles,Wiggins,M,200,CA,1927
1455,W000502,Harrison,Williams,M,100,NJ,1919
1231,W000520,John,Williams,M,100,MT,1937
1229,W000525,Lawrence,Williams,M,200,PA,1913
1230,W000528,Lyle,Williams,M,200,OH,1942
1232,W000570,Charles,Wilson,M,100,TX,1933
1233,W000571,Charles,Wilson,M,100,CA,1917
1456,W000607,Pete,Wilson,M,200,CA,1933
1234,W000610,Robert,Wilson,M,200,CA,1916
1235,W000636,Edward,Winn,M,200,KS,1919
1236,W000647,Timothy,Wirth,M,100,CO,1939
1237,W000654,Robert,Wise,M,100,WV,1948
1457,W000665,Harris,Wofford,M,100,PA,1926
1238,W000672,Frank,Wolf,M,200,VA,1939
1239,W000680,Lester,Wolff,M,100,NY,1919
1240,W000682,Howard,Wolpe,M,100,MI,1939
1242,W000738,Lynn,Woolsey,F,100,CA,1937
1243,W000752,George,Wortley,M,200,NY,1926
1244,W000763,James,Wright,M,100,TX,1922
1245,W000777,Joseph,Wyatt,M,100,TX,1941
1246,W000778,Wendell,Wyatt,M,200,OR,1917
1247,W000779,Ron,Wyden,M,100,OR,1949
1248,W000780,John,Wydler,M,200,NY,1924
1249,W000781,Chalmers,Wylie,M,200,OH,1920
1250,W000782,Louis,Wyman,M,200,NH,1917
1251,W000784,Albert,Wynn,M,100,MD,1951
1539,W000789,Heather,Wilson,F,200,NM,1960
1596,W000791,Greg,Walden,M,200,OR,1957
1597,W000792,Anthony,Weiner,M,100,NY,1964
1598,W000793,David,Wu,M,100,OR,1955
1682,W000794,Diane,Watson,F,100,CA,1933
1688,W000795,Joe,Wilson,M,200,SC,1947
1779,W000796,Lynn,Westmoreland,M,200,GA,1950
1777,W000797,Debbie,Wasserman Schultz,F,100,FL,1966
1855,W000798,Tim,Walberg,M,200,MI,1951
1856,W000799,Timothy,Walz,M,100,MN,1964
1879,W000800,Peter,Welch,M,100,VT,1947
1869,W000801,Charles,Wilson,M,100,OH,1943
1823,W000802,Sheldon,Whitehouse,M,100,RI,1955
1822,W000803,Jim,Webb,M,100,VA,1946
1886,W000804,Robert,Wittman,M,200,VA,1959
1897,W000805,Mark,Warner,M,100,VA,1954
2002,W000806,Daniel,Webster,M,200,FL,1949
2005,W000807,Allen,West,M,200,FL,1961
2004,W000808,Frederica,Wilson,F,100,FL,1942
1991,W000809,Steve,Womack,M,200,AR,1957
2008,W000810,Rob,Woodall,M,200,GA,1970
2012,W000811,Joe,Walsh,M,200,IL,1961
2137,W000812,Ann,Wagner,F,200,MO,1962
2128,W000813,Jackie,Walorski,F,200,IN,1963
2161,W000814,Randy,Weber,M,200,TX,1953
2152,W000815,Brad,Wenstrup,M,200,OH,1958
2165,W000816,Roger,Williams,M,200,TX,1949
2182,W000817,Elizabeth,Warren,F,100,MA,1949
2198,W000818,John,Walsh,M,100,MT,1960
1252,Y000013,Sidney,Yates,M,100,IL,1909
1253,Y000014,Gus,Yatron,M,100,PA,1927
1254,Y000028,Andrew,Young,M,100,GA,1932
1255,Y000031,C.,Young,M,200,FL,1930
1256,Y000033,Don,Young,M,200,AK,1933
1257,Y000035,Edward,Young,M,200,SC,1920
1258,Y000043,John,Young,M,100,TX,1916
1458,Y000047,Milton,Young,M,200,ND,
1259,Y000051,Robert,Young,M,100,MO,1923
1260,Y000052,Samuel,Young,M,200,IL,1922
1853,Y000062,John,Yarmuth,M,100,KY,1947
2021,Y000063,Kevin,Yoder,M,200,KS,1976
2019,Y000064,Todd,Young,M,200,IN,1972
2115,Y000065,Ted,Yoho,M,200,FL,1955
1261,Z000001,Clement,Zablocki,M,100,WI,1912
1262,Z000002,Leo,Zeferetti,M,100,NY,1927
1263,Z000004,William,Zeliff,M,200,NH,1936
1264,Z000008,Richard,Zimmer,M,200,NJ,1944
1265,Z000010,Roger,Zion,M,200,IN,1921
1459,Z000013,Edward,Zorinsky,M,100,NE,1928
1266,Z000014,Edwin,Zschau,M,200,CA,1940
1267,Z000016,John,Zwach,M,200,MN,1907
